link,name
/brands/abrasive,abrasive
/brands/ace,ace
/brands/adec,adec
/brands/agencinox,agencinox
/brands/airel,airel
/brands/akzenta,akzenta
/brands/allidex,allidex
/brands/alkapharm,alkapharm
/brands/alpro-,alpro-
/brands/anios,anios
/brands/ansell,ansell
/brands/anthogyr,anthogyr
/brands/anthos,anthos
/brands/apeco-meditex-,apeco-meditex-
/brands/art-dentaire-,art-dentaire-
/brands/acteon-satelec-,acteon-satelec-
/brands/asa-codicolor,asa-codicolor
/brands/aluwax,aluwax
/brands/apple,apple
/brands/amann,amann
/brands/ajax,ajax
/brands/asus,asus
/brands/add-i-gum,add-i-gum
/brands/a5,a5
/brands/arkona,arkona
/brands/aorin,aorin
/brands/amazon,amazon
/brands/ba-international,ba-international
/brands/bausch,bausch
/brands/bcm,bcm
/brands/bego,bego
/brands/belmont,belmont
/brands/bien-air-,bien-air-
/brands/browne,browne
/brands/busa,busa
/brands/bic,bic
/brands/buffalo,buffalo
/brands/bvf,bvf
/brands/bose,bose
/brands/bosch,bosch
/brands/beats,beats
/brands/black-et-decker,black-et-decker
/brands/bodum,bodum
/brands/benq,benq
/brands/cybertech,cybertech
/brands/carlimpex,carlimpex
/brands/cattani,cattani
/brands/cavex,cavex
/brands/centrx,centrx
/brands/chicago,chicago
/brands/coltene,coltene
/brands/crosstex-,crosstex-
/brands/cefla,cefla
/brands/colgate,colgate
/brands/cominox,cominox
/brands/curaprox,curaprox
/brands/carestream-dental,carestream-dental
/brands/cif,cif
/brands/clive-craig,clive-craig
/brands/cardiva,cardiva
/brands/corebone,corebone
/brands/ceramco,ceramco
/brands/calor,calor
/brands/canon,canon
/brands/crocs,crocs
/brands/cristal-aligner,cristal-aligner
/brands/clan,clan
/brands/cdm-lavoisier,cdm-lavoisier
/brands/clean-100,clean-100
/brands/carina,carina
/brands/connect-ic,connect-ic
/brands/dux-,dux-
/brands/dbi-,dbi-
/brands/dedeco,dedeco
/brands/degre-k,degre-k
/brands/dental-art,dental-art
/brands/dentify-,dentify-
/brands/dentatus,dentatus
/brands/detax-,detax-
/brands/directa,directa
/brands/dreve,dreve
/brands/drouaire,drouaire
/brands/d-rr-dental,d-rr-dental
/brands/dr-weigert,dr-weigert
/brands/diatech,diatech
/brands/dent-o-plast,dent-o-plast
/brands/digora,digora
/brands/dentoclic,dentoclic
/brands/d-a-s-r-i,d-a-s-r-i
/brands/dr-endres,dr-endres
/brands/drexco,drexco
/brands/dentrmed,dentrmed
/brands/dentop-dp,dentop-dp
/brands/dess,dess
/brands/dymo,dymo
/brands/daly,daly
/brands/derby,derby
/brands/danville,danville
/brands/dce,dce
/brands/dci,dci
/brands/dreaminzzz,dreaminzzz
/brands/dental-pacific,dental-pacific
/brands/dentsply-sirona,dentsply-sirona
/brands/dolce-gusto,dolce-gusto
/brands/dental-excellence,dental-excellence
/brands/dte-by-woodpacker,dte-by-woodpacker
/brands/delonghi,delonghi
/brands/devialet,devialet
/brands/danhera,danhera
/brands/desodor,desodor
/brands/daan-tech,daan-tech
/brands/dte-by-woodpecker,dte-by-woodpecker
/brands/euro-dentis,euro-dentis
/brands/elsodent,elsodent
/brands/ems,ems
/brands/erkodent,erkodent
/brands/euronda,euronda
/brands/eve,eve
/brands/ethicon,ethicon
/brands/edenta,edenta
/brands/energizer,energizer
/brands/elmex,elmex
/brands/emmi-dent,emmi-dent
/brands/eurotec,eurotec
/brands/elos,elos
/brands/esteban,esteban
/brands/eds,eds
/brands/edge-endo,edge-endo
/brands/essentiel-b,essentiel-b
/brands/faro-,faro-
/brands/felt,felt
/brands/fgm,fgm
/brands/fkg,fkg
/brands/fd,fd
/brands/febreze,febreze
/brands/formlabs,formlabs
/brands/fellowes,fellowes
/brands/fsb-innovation,fsb-innovation
/brands/foreo,foreo
/brands/gamain-,gamain-
/brands/gamasonic,gamasonic
/brands/gc,gc
/brands/garrison,garrison
/brands/gendex,gendex
/brands/gold-label,gold-label
/brands/guetinge,guetinge
/brands/glassex,glassex
/brands/google,google
/brands/hahnenkratt,hahnenkratt
/brands/hartmann,hartmann
/brands/hatho,hatho
/brands/hawo,hawo
/brands/hmce,hmce
/brands/hu-friedy,hu-friedy
/brands/hoffmann-,hoffmann-
/brands/hager-et-werken,hager-et-werken
/brands/hygenic,hygenic
/brands/hanel,hanel
/brands/helipse,helipse
/brands/horico,horico
/brands/herzberg,herzberg
/brands/harpic,harpic
/brands/hp,hp
/brands/homedics,homedics
/brands/hoefer,hoefer
/brands/harmaan-kardon,harmaan-kardon
/brands/intercontidental,intercontidental
/brands/ionyx-,ionyx-
/brands/itena,itena
/brands/ivoclar-vivadent,ivoclar-vivadent
/brands/ivory,ivory
/brands/identoflex,identoflex
/brands/irobot,irobot
/brands/interpack,interpack
/brands/ipp-pharma,ipp-pharma
/brands/jota,jota
/brands/jbl,jbl
/brands/jovident,jovident
/brands/kerr,kerr
/brands/kettenbach-,kettenbach-
/brands/keystone,keystone
/brands/kkd,kkd
/brands/komet,komet
/brands/kavo-,kavo-
/brands/kerr-endodontics,kerr-endodontics
/brands/kisag,kisag
/brands/kai-medical,kai-medical
/brands/kemdent,kemdent
/brands/krups,krups
/brands/karcher,karcher
/brands/kaeser,kaeser
/brands/king,king
/brands/kerr-hawe,kerr-hawe
/brands/kaelux,kaelux
/brands/kelys,kelys
/brands/kerr-restaurative,kerr-restaurative
/brands/kerr-prevention,kerr-prevention
/brands/kulzer,kulzer
/brands/kb-medica,kb-medica
/brands/la-cocarde,la-cocarde
/brands/larident,larident
/brands/linea-tac,linea-tac
/brands/lenovo,lenovo
/brands/lg,lg
/brands/luzzani,luzzani
/brands/la-redoute,la-redoute
/brands/le-tube,le-tube
/brands/logitech,logitech
/brands/major,major
/brands/masel,masel
/brands/mdt-,mdt-
/brands/mectron-,mectron-
/brands/micro-mega,micro-mega
/brands/melag,melag
/brands/mestra,mestra
/brands/metasys,metasys
/brands/microbrush,microbrush
/brands/miele,miele
/brands/miltex,miltex
/brands/mizzy,mizzy
/brands/molnlycke,molnlycke
/brands/moore,moore
/brands/morita,morita
/brands/medistock,medistock
/brands/maxter,maxter
/brands/medicom,medicom
/brands/mgk,mgk
/brands/microsoft,microsoft
/brands/msei,msei
/brands/marshall,marshall
/brands/mocom,mocom
/brands/mediflash,mediflash
/brands/meridol,meridol
/brands/micro-mega-made-in-france,micro-mega-made-in-france
/brands/megasmile,megasmile
/brands/megamaster-by-coxo,megamaster-by-coxo
/brands/nordin,nordin
/brands/nichrominox,nichrominox
/brands/nsk,nsk
/brands/nti,nti
/brands/neodisher,neodisher
/brands/nordiska-dental,nordiska-dental
/brands/nicols,nicols
/brands/nespresso,nespresso
/brands/noraker,noraker
/brands/omnia,omnia
/brands/ortho-technology,ortho-technology
/brands/owandy,owandy
/brands/oxan,oxan
/brands/oral-b,oral-b
/brands/orthosmail,orthosmail
/brands/odontec,odontec
/brands/opsyse,opsyse
/brands/oxy-pharm,oxy-pharm
/brands/oniris,oniris
/brands/oral-care,oral-care
/brands/orthotec,orthotec
/brands/oculus,oculus
/brands/ocov,ocov
/brands/peters-,peters-
/brands/planmeca-,planmeca-
/brands/polident,polident
/brands/polirapid,polirapid
/brands/polydentia,polydentia
/brands/pd,pd
/brands/prodont-holliger,prodont-holliger
/brands/petit-jean-,petit-jean-
/brands/pulpdent,pulpdent
/brands/pentron,pentron
/brands/profection,profection
/brands/puck,puck
/brands/polaroid,polaroid
/brands/parkell,parkell
/brands/plantronics,plantronics
/brands/perfect,perfect
/brands/purekeys,purekeys
/brands/reliance,reliance
/brands/renfert,renfert
/brands/ritter,ritter
/brands/roland-,roland-
/brands/roeko,roeko
/brands/rowenta,rowenta
/brands/riviera-et-bar,riviera-et-bar
/brands/razormed,razormed
/brands/rituals,rituals
/brands/rossicaws,rossicaws
/brands/russel-hobbs,russel-hobbs
/brands/redpill,redpill
/brands/rapid-response,rapid-response
/brands/selekto,selekto
/brands/scheu,scheu
/brands/schick,schick
/brands/schuler-,schuler-
/brands/scican-,scican-
/brands/scorpion,scorpion
/brands/sdi,sdi
/brands/schulke,schulke
/brands/shofu-,shofu-
/brands/sony,sony
/brands/stabyl,stabyl
/brands/stoddard,stoddard
/brands/sultan,sultan
/brands/sun-medical,sun-medical
/brands/supportdesign-,supportdesign-
/brands/swann-morton,swann-morton
/brands/steriblue,steriblue
/brands/ss-white,ss-white
/brands/silver-line,silver-line
/brands/set-dental,set-dental
/brands/sticktech,sticktech
/brands/sofijet,sofijet
/brands/sd2,sd2
/brands/sanicen,sanicen
/brands/smeg,smeg
/brands/saniswiss,saniswiss
/brands/soupline,soupline
/brands/sopro,sopro
/brands/soredex,soredex
/brands/sherman,sherman
/brands/samsung,samsung
/brands/stern,stern
/brands/scitex,scitex
/brands/signal,signal
/brands/saint-marc,saint-marc
/brands/sodastream,sodastream
/brands/siemens,siemens
/brands/sonos,sonos
/brands/sempercare,sempercare
/brands/smi,smi
/brands/supreme-endo,supreme-endo
/brands/schuzz,schuzz
/brands/stoneglow,stoneglow
/brands/scentys,scentys
/brands/steriscience,steriscience
/brands/sunsept,sunsept
/brands/tork,tork
/brands/techdent,techdent
/brands/terumo,terumo
/brands/tisseos,tisseos
/brands/twinkles,twinkles
/brands/triumph,triumph
/brands/thomas,thomas
/brands/teflon,teflon
/brands/tecnogaz,tecnogaz
/brands/techwood,techwood
/brands/tesa,tesa
/brands/tehnodent,tehnodent
/brands/thomson,thomson
/brands/ugin-dentaire,ugin-dentaire
/brands/ultima,ultima
/brands/ultradent-,ultradent-
/brands/unident,unident
/brands/ultravert,ultravert
/brands/ulna,ulna
/brands/ultiseal,ultiseal
/brands/ultimate-ears,ultimate-ears
/brands/velopex,velopex
/brands/vertex,vertex
/brands/voco,voco
/brands/vmk,vmk
/brands/vita,vita
/brands/varay-laborix,varay-laborix
/brands/varionet,varionet
/brands/verbatim,verbatim
/brands/vdw,vdw
/brands/vonmahlen,vonmahlen
/brands/w-h-,w-h-
/brands/walser,walser
/brands/wam,wam
/brands/whip-mix,whip-mix
/brands/w-d,w-d
/brands/white-dental-beauty,white-dental-beauty
/brands/woodpecker,woodpecker
/brands/xo-care,xo-care
/brands/xo,xo
/brands/yeti-dental,yeti-dental
/brands/young,young
/brands/yuntab,yuntab
/brands/zhermack-,zhermack-
/brands/zilfor-,zilfor-
/brands/zirc,zirc
/brands/zubler,zubler
/brands/zooby,zooby
/brands/zhende,zhende
/brands/3m,3m
