marque,id,name,link
abrasive,35667,fraise-diamantee-two-striper-abrasive.html,https://www.megadental.fr/fraise-diamantee-two-striper-abrasive.html
abrasive,35632,fraises-diamantees-two-striper-abrasive.html,https://www.megadental.fr/fraises-diamantees-two-striper-abrasive.html
abrasive,20112,fraise-diamantee-two-striper-ref-292-3vf.html,https://www.megadental.fr/fraise-diamantee-two-striper-ref-292-3vf.html
ace,37989,brosses-de-nettoyage-poils-inox-18cm-3-6039016.html,https://www.megadental.fr/brosses-de-nettoyage-poils-inox-18cm-3-6039016.html
ace,37690,truscrew-trutack-ace.html,https://www.megadental.fr/truscrew-trutack-ace.html
ace,37675,trepans-ace.html,https://www.megadental.fr/trepans-ace.html
ace,37351,seringue-irrigation-angulee-25.html,https://www.megadental.fr/seringue-irrigation-angulee-25.html
ace,37338,seringues-pour-greffe-osseuse-ace.html,https://www.megadental.fr/seringues-pour-greffe-osseuse-ace.html
ace,37226,retracteur-de-misch-ace.html,https://www.megadental.fr/retracteur-de-misch-ace.html
ace,37163,rape-a-os-ace.html,https://www.megadental.fr/rape-a-os-ace.html
ace,36607,nuoss-spongieux-cortical-granules-substitut-osseux-ace.html,https://www.megadental.fr/nuoss-spongieux-cortical-granules-substitut-osseux-ace.html
ace,36467,membranes-collagenes-resorbables-rcm6-origine-porcine-ace.html,https://www.megadental.fr/membranes-collagenes-resorbables-rcm6-origine-porcine-ace.html
ace,36466,membranes-collagenes-resorbables-conform-origine-porcine-ace.html,https://www.megadental.fr/membranes-collagenes-resorbables-conform-origine-porcine-ace.html
ace,36062,instruments-pour-greffe-ace.html,https://www.megadental.fr/instruments-pour-greffe-ace.html
ace,34767,ciseaux-chirurgicaux-ace.html,https://www.megadental.fr/ciseaux-chirurgicaux-ace.html
ace,34619,canules-d-aspiration-embouts-mckesson-ace.html,https://www.megadental.fr/canules-d-aspiration-embouts-mckesson-ace.html
ace,34618,canules-d-aspiration-embouts-frazier-ace.html,https://www.megadental.fr/canules-d-aspiration-embouts-frazier-ace.html
ace,34449,block-nuoss-collagene-substitut-osseux-ace.html,https://www.megadental.fr/block-nuoss-collagene-substitut-osseux-ace.html
ace,26996,nuoss-spongieux-granules-1-0-2-0-5g-1-8cc-509-9102.html,https://www.megadental.fr/nuoss-spongieux-granules-1-0-2-0-5g-1-8cc-509-9102.html
ace,26535,nuoss-ds-0-25-1mm-0-25cc-seringue-ace-5099025.html,https://www.megadental.fr/nuoss-ds-0-25-1mm-0-25cc-seringue-ace-5099025.html
ace,26506,nuoss-spongieux-granules-1-0-2-2g-7-2cc-509-9104.html,https://www.megadental.fr/nuoss-spongieux-granules-1-0-2-2g-7-2cc-509-9104.html
ace,26376,523-4019-recond-filtek-supr-flow-2ser-2ga2-3mespe-999-1746.html,https://www.megadental.fr/523-4019-recond-filtek-supr-flow-2ser-2ga2-3mespe-999-1746.html
ace,25846,nuoss-ds-0-25-1mm-0-50cc-seringue-ace-5099050.html,https://www.megadental.fr/nuoss-ds-0-25-1mm-0-50cc-seringue-ace-5099050.html
ace,23917,embout-trutack-8944366-454-17001-ace.html,https://www.megadental.fr/embout-trutack-8944366-454-17001-ace.html
ace,20644,embout-truscrew-454-15001-ace.html,https://www.megadental.fr/embout-truscrew-454-15001-ace.html
ace,19880,decolleurs-de-molt-1.html,https://www.megadental.fr/decolleurs-de-molt-1.html
ace,19846,498-3172-reconditionne-insert-phatelus-s2-nsk-999-1750.html,https://www.megadental.fr/498-3172-reconditionne-insert-phatelus-s2-nsk-999-1750.html
ace,19359,ace-delicat-detachant.html,https://www.megadental.fr/ace-delicat-detachant.html
ace,7541,ciseaux-chirurgicaux.html,https://www.megadental.fr/ciseaux-chirurgicaux.html
ace,6104,bone-scrapers-1.html,https://www.megadental.fr/bone-scrapers-1.html
ace,6007,trepan-posterieur-dr-smiler-ace-6-mm.html,https://www.megadental.fr/trepan-posterieur-dr-smiler-ace-6-mm.html
ace,6002,bone-scrapers.html,https://www.megadental.fr/bone-scrapers.html
ace,5946,kit-pour-sinus-lift.html,https://www.megadental.fr/kit-pour-sinus-lift.html
ace,5732,yankauer-embout-aspi-cplt-hvac-end-28cm-09-001-29.html,https://www.megadental.fr/yankauer-embout-aspi-cplt-hvac-end-28cm-09-001-29.html
ace,5731,yankauer-embout-aspiration-complet-28cm-11-28-004.html,https://www.megadental.fr/yankauer-embout-aspiration-complet-28cm-11-28-004.html
ace,5729,kit-de-preservation-de-l-alveole.html,https://www.megadental.fr/kit-de-preservation-de-l-alveole.html
ace,5717,broyeur-a-os.html,https://www.megadental.fr/broyeur-a-os.html
ace,5713,kit-de-burins-pour-expansion-de-cr-te.html,https://www.megadental.fr/kit-de-burins-pour-expansion-de-cr-te.html
ace,5712,kit-d-expansion-de-cr-te.html,https://www.megadental.fr/kit-d-expansion-de-cr-te.html
ace,2787,membranes-rcf-ace-boite-de-10.html,https://www.megadental.fr/membranes-rcf-ace-boite-de-10.html
ace,2785,membranes-rcp-ace-boite-de-10.html,https://www.megadental.fr/membranes-rcp-ace-boite-de-10.html
ace,2782,membranes-rct-ace-boite-de-10.html,https://www.megadental.fr/membranes-rct-ace-boite-de-10.html
ace,2780,trufix-systeme-de-fixation-ace.html,https://www.megadental.fr/trufix-systeme-de-fixation-ace.html
adec,30615,pedale-de-commande-unit-a-levier-38187100-adec.html,https://www.megadental.fr/pedale-de-commande-unit-a-levier-38187100-adec.html
adec,26371,comprimes-icx-pour-bouteille-2l-ref-90106501-adec.html,https://www.megadental.fr/comprimes-icx-pour-bouteille-2l-ref-90106501-adec.html
adec,25794,paquet-10-filtres-adec500-tamis-aspi-ref-11128401.html,https://www.megadental.fr/paquet-10-filtres-adec500-tamis-aspi-ref-11128401.html
adec,25413,joint-support-bouteille-adec-500-03421300-adec.html,https://www.megadental.fr/joint-support-bouteille-adec-500-03421300-adec.html
adec,25325,lot-6-lubrifiant-graisse-silicone-98009001-adec.html,https://www.megadental.fr/lot-6-lubrifiant-graisse-silicone-98009001-adec.html
adec,25169,joint-nez-moteur-ea50lt-ea51lt-ea40lt-adec.html,https://www.megadental.fr/joint-nez-moteur-ea50lt-ea51lt-ea40lt-adec.html
adec,24716,recuperateur-huile-instruments-ref-24041000-adec.html,https://www.megadental.fr/recuperateur-huile-instruments-ref-24041000-adec.html
adec,24681,kit-support-bouteille-2l-murale-adec-500-bla140469.html,https://www.megadental.fr/kit-support-bouteille-2l-murale-adec-500-bla140469.html
adec,24082,bouteille-eau-sterile-700ml-ref-14041600-adec.html,https://www.megadental.fr/bouteille-eau-sterile-700ml-ref-14041600-adec.html
adec,23322,rondelle-cartouche-eau-ft-500-ref-38179901-adec.html,https://www.megadental.fr/rondelle-cartouche-eau-ft-500-ref-38179901-adec.html
adec,23121,tuyau-pas-10mm-gris-clair-lg-1-60m-11130701-adec.html,https://www.megadental.fr/tuyau-pas-10mm-gris-clair-lg-1-60m-11130701-adec.html
adec,22768,raccord-3-16-bloc-de-controle-adec-500-026175.html,https://www.megadental.fr/raccord-3-16-bloc-de-controle-adec-500-026175.html
adec,22750,rotule-support-aspi-551-blanc-ref-99064901-adec.html,https://www.megadental.fr/rotule-support-aspi-551-blanc-ref-99064901-adec.html
adec,22555,raccord-sortie-bloc-adec-500-1-8-tuyau-vinyl026161.html,https://www.megadental.fr/raccord-sortie-bloc-adec-500-1-8-tuyau-vinyl026161.html
adec,22461,lot-5-canules-seringue-autoclavable-23087201-adec.html,https://www.megadental.fr/lot-5-canules-seringue-autoclavable-23087201-adec.html
adec,22207,roulement-patte-adaptation-adec-500-01603300-eurot.html,https://www.megadental.fr/roulement-patte-adaptation-adec-500-01603300-eurot.html
adec,22167,rac-tuyau-a-pompe-a-salive-gris-ref-11128303-adec.html,https://www.megadental.fr/rac-tuyau-a-pompe-a-salive-gris-ref-11128303-adec.html
adec,21576,raccord-surf-tuyau-pas-vers-filtre-500-adec.html,https://www.megadental.fr/raccord-surf-tuyau-pas-vers-filtre-500-adec.html
adec,21501,tuyau-gris-aspi-15mm-lg-1-60m-ref-12123801-adec.html,https://www.megadental.fr/tuyau-gris-aspi-15mm-lg-1-60m-ref-12123801-adec.html
adec,21359,trappe-a-or-crachoir-beige-cascade-75003501-adec.html,https://www.megadental.fr/trappe-a-or-crachoir-beige-cascade-75003501-adec.html
adec,20732,levier-commande-inter-spray-pedale-surf-6-adec.html,https://www.megadental.fr/levier-commande-inter-spray-pedale-surf-6-adec.html
adec,20709,100-protections-transparentes-adec-ref-75008501.html,https://www.megadental.fr/100-protections-transparentes-adec-ref-75008501.html
adec,20588,joint-adec-ref-03022800.html,https://www.megadental.fr/joint-adec-ref-03022800.html
adec,20310,kit-reparation-bloc-century-2-adec-ref-90032100.html,https://www.megadental.fr/kit-reparation-bloc-century-2-adec-ref-90032100.html
adec,20278,joint-canule-pas-epas568107-ref-03410700-adec.html,https://www.megadental.fr/joint-canule-pas-epas568107-ref-03410700-adec.html
adec,20271,joint-canule-steril-ref-03401901-adec.html,https://www.megadental.fr/joint-canule-steril-ref-03401901-adec.html
adec,19065,comprimes-adec-icx-steriles-0-7-l-50-adec.html,https://www.megadental.fr/comprimes-adec-icx-steriles-0-7-l-50-adec.html
agencinox,36860,plateau-haricot-agencinox.html,https://www.megadental.fr/plateau-haricot-agencinox.html
airel,34602,calbenium-ign-airel.html,https://www.megadental.fr/calbenium-ign-airel.html
airel,30942,corps-inf-grande-canule-aimant-airel.html,https://www.megadental.fr/corps-inf-grande-canule-aimant-airel.html
airel,27976,calbenium-liquide-1l-chirurgical-neutre-airel.html,https://www.megadental.fr/calbenium-liquide-1l-chirurgical-neutre-airel.html
airel,27616,coccibrom-flacon-80ml-pour-pe8-ref-2910300-airel.html,https://www.megadental.fr/coccibrom-flacon-80ml-pour-pe8-ref-2910300-airel.html
airel,25034,nocotest-tube-de-bandelettes-100-oxypharm.html,https://www.megadental.fr/nocotest-tube-de-bandelettes-100-oxypharm.html
airel,22098,calbenium-spray-500ml-airel.html,https://www.megadental.fr/calbenium-spray-500ml-airel.html
akzenta,35937,housses-tetieres-papier-azkenta.html,https://www.megadental.fr/housses-tetieres-papier-azkenta.html
allidex,24574,supports-ceramique-blancs-12-310-allidex.html,https://www.megadental.fr/supports-ceramique-blancs-12-310-allidex.html
allidex,23538,base-nid-d-abeille-315-allidex.html,https://www.megadental.fr/base-nid-d-abeille-315-allidex.html
allidex,23529,boite-de-transport-bleue-par-10-403-allidex.html,https://www.megadental.fr/boite-de-transport-bleue-par-10-403-allidex.html
allidex,22196,pince-hemostatique-droite-allidex.html,https://www.megadental.fr/pince-hemostatique-droite-allidex.html
allidex,20556,supports-ceramiques-couleurs-12-allidex.html,https://www.megadental.fr/supports-ceramiques-couleurs-12-allidex.html
alkapharm,38489,lq-gel-alkafresh-flacon-500ml-avec-pompe-alkapharm-896-2983.html,https://www.megadental.fr/lq-gel-alkafresh-flacon-500ml-avec-pompe-alkapharm-896-2983.html
alkapharm,36753,parfum-d-ambiance-250-ml-moc-alkapharm.html,https://www.megadental.fr/parfum-d-ambiance-250-ml-moc-alkapharm.html
alkapharm,36606,ns600-nettoyant-sol-et-surfaces-exeol.html,https://www.megadental.fr/ns600-nettoyant-sol-et-surfaces-exeol.html
alkapharm,36595,nettoyant-degraissant-ndp600-exeol.html,https://www.megadental.fr/nettoyant-degraissant-ndp600-exeol.html
alkapharm,36397,lvsm-600-liquide-vitres-et-surfaces-exeol.html,https://www.megadental.fr/lvsm-600-liquide-vitres-et-surfaces-exeol.html
alkapharm,36366,parfums-d-ambiances-alkapharm.html,https://www.megadental.fr/parfums-d-ambiances-alkapharm.html
alkapharm,35136,dn600-detergent-neutre-exeol.html,https://www.megadental.fr/dn600-detergent-neutre-exeol.html
alkapharm,35024,dbo-detergent-biocide-odorant-alkapharm.html,https://www.megadental.fr/dbo-detergent-biocide-odorant-alkapharm.html
alkapharm,34738,cidalkan-alkapharm.html,https://www.megadental.fr/cidalkan-alkapharm.html
alkapharm,34269,alkazyme-alkapharm.html,https://www.megadental.fr/alkazyme-alkapharm.html
alkapharm,34268,alkasystem-alkapharm.html,https://www.megadental.fr/alkasystem-alkapharm.html
alkapharm,34267,alkafresh-pump-alkapharm.html,https://www.megadental.fr/alkafresh-pump-alkapharm.html
alkapharm,34266,alkadoux-alkapharm.html,https://www.megadental.fr/alkadoux-alkapharm.html
alkapharm,34265,alkaddh-desinfectant-sol-surface-alkapharm.html,https://www.megadental.fr/alkaddh-desinfectant-sol-surface-alkapharm.html
alkapharm,32417,clinalkan-sc-1-litre-alk0198-alkapharm.html,https://www.megadental.fr/clinalkan-sc-1-litre-alk0198-alkapharm.html
alkapharm,32346,surodorant-puissant-500ml-moc-stikine-alkapharm.html,https://www.megadental.fr/surodorant-puissant-500ml-moc-stikine-alkapharm.html
alkapharm,31968,lotion-lav-main-ecolab-exeo-flac-1l-exe0393-alkapharm.html,https://www.megadental.fr/lotion-lav-main-ecolab-exeo-flac-1l-exe0393-alkapharm.html
alkapharm,31964,lotion-lav-main-ecolab-exeo-rech5l-exe0395-alkapha.html,https://www.megadental.fr/lotion-lav-main-ecolab-exeo-rech5l-exe0395-alkapha.html
alkapharm,31963,lotion-lav-mains-ecolab-exeo-fl500ml-exe0392-alkapharm.html,https://www.megadental.fr/lotion-lav-mains-ecolab-exeo-fl500ml-exe0392-alkapharm.html
alkapharm,30884,nettoyant-detartrant-moc-loo-5l-alkapharm.html,https://www.megadental.fr/nettoyant-detartrant-moc-loo-5l-alkapharm.html
alkapharm,30883,nettoyant-detartrant-moc-loo-750ml-alkapharm.html,https://www.megadental.fr/nettoyant-detartrant-moc-loo-750ml-alkapharm.html
alkapharm,30882,surodorant-puissant-500ml-moc-loo-alkapharm.html,https://www.megadental.fr/surodorant-puissant-500ml-moc-loo-alkapharm.html
alkapharm,30881,surodorant-puissant-500ml-moc-hegoa-alkapharm.html,https://www.megadental.fr/surodorant-puissant-500ml-moc-hegoa-alkapharm.html
alkapharm,30880,detergent-biocide-odorant-5l-moc-hegoa-alkapharm.html,https://www.megadental.fr/detergent-biocide-odorant-5l-moc-hegoa-alkapharm.html
alkapharm,19806,impressiv-alkapharm.html,https://www.megadental.fr/impressiv-alkapharm.html
alkapharm,17392,septalkan-le-flacon-750-ml-alkapharm.html,https://www.megadental.fr/septalkan-le-flacon-750-ml-alkapharm.html
alkapharm,5391,alkacide-concentre-flacon-de-1l-alkapharm.html,https://www.megadental.fr/alkacide-concentre-flacon-de-1l-alkapharm.html
alkapharm,1199,surfalkan-sh-flacon-750ml-alkapharm.html,https://www.megadental.fr/surfalkan-sh-flacon-750ml-alkapharm.html
alkapharm,1177,alkafraise-le-flacon-de-2l-alkapharm.html,https://www.megadental.fr/alkafraise-le-flacon-de-2l-alkapharm.html
alpro-,34273,alprojet-bidon-alpro.html,https://www.megadental.fr/alprojet-bidon-alpro.html
alpro-,27886,alpron-carton-1l-alpro.html,https://www.megadental.fr/alpron-carton-1l-alpro.html
alpro-,26465,pompe-dosage-alprojet-pour-bidon-3-5-et-10l-alpro.html,https://www.megadental.fr/pompe-dosage-alprojet-pour-bidon-3-5-et-10l-alpro.html
anios,38607,catalog,https://www.megadental.fr/catalog/product/view/id/38607/
anios,38282,pompe-doseuse-30ml-anios-896-3275.html,https://www.megadental.fr/pompe-doseuse-30ml-anios-896-3275.html
anios,35130,distributeur-electroniques-anios.html,https://www.megadental.fr/distributeur-electroniques-anios.html
anios,35081,detergent-oxy-floor-anios.html,https://www.megadental.fr/detergent-oxy-floor-anios.html
anios,35049,dentasept-tri-enzymatic-anios.html,https://www.megadental.fr/dentasept-tri-enzymatic-anios.html
anios,35048,dentasept-spray-60-pro-anios.html,https://www.megadental.fr/dentasept-spray-60-pro-anios.html
anios,35047,dentasept-spray-41-pro-anios.html,https://www.megadental.fr/dentasept-spray-41-pro-anios.html
anios,35046,dentasept-special-rotative-anios.html,https://www.megadental.fr/dentasept-special-rotative-anios.html
anios,35045,dentasept-scrub-anios.html,https://www.megadental.fr/dentasept-scrub-anios.html
anios,35044,dentasept-pe-anios.html,https://www.megadental.fr/dentasept-pe-anios.html
anios,35043,dentasept-ls-premium-anios.html,https://www.megadental.fr/dentasept-ls-premium-anios.html
anios,35042,dentasept-glycerine-anios.html,https://www.megadental.fr/dentasept-glycerine-anios.html
anios,35040,dentasept-aspiration-af-anios.html,https://www.megadental.fr/dentasept-aspiration-af-anios.html
anios,35039,dentasept-3h-rapid-anios.html,https://www.megadental.fr/dentasept-3h-rapid-anios.html
anios,32605,desinfectant-anios-dva-hph-5l-055034ug-anios.html,https://www.megadental.fr/desinfectant-anios-dva-hph-5l-055034ug-anios.html
anios,31160,lavabo-compact-1p-aniosave-408250-anios.html,https://www.megadental.fr/lavabo-compact-1p-aniosave-408250-anios.html
anios,30934,lavabo-compact-aniosave-408200-anios.html,https://www.megadental.fr/lavabo-compact-aniosave-408200-anios.html
anios,29157,instrubac-5l-anios.html,https://www.megadental.fr/instrubac-5l-anios.html
anios,28661,joint-carter-f50-lavabo-ref-423925-anios.html,https://www.megadental.fr/joint-carter-f50-lavabo-ref-423925-anios.html
anios,27221,distributeur-electronique-compact-425157-anios.html,https://www.megadental.fr/distributeur-electronique-compact-425157-anios.html
anios,26051,support-flacon-gel-hydroalcool-300ml-425078s-anios.html,https://www.megadental.fr/support-flacon-gel-hydroalcool-300ml-425078s-anios.html
anios,24769,bandelettes-de-controle-pour-anioxyde-1000-anios.html,https://www.megadental.fr/bandelettes-de-controle-pour-anioxyde-1000-anios.html
anios,24072,filtre-anios-ps1000-compact-ref-432070-anios.html,https://www.megadental.fr/filtre-anios-ps1000-compact-ref-432070-anios.html
anios,23702,dentasept-sh-pro-bidon-5l-2462042r8-dentasept.html,https://www.megadental.fr/dentasept-sh-pro-bidon-5l-2462042r8-dentasept.html
anios,23350,pulverisateur-pour-dentasept-41-1litre-anios.html,https://www.megadental.fr/pulverisateur-pour-dentasept-41-1litre-anios.html
anios,22934,anios-r444-3x1l-anios.html,https://www.megadental.fr/anios-r444-3x1l-anios.html
anios,22765,support-inox-425022-anios.html,https://www.megadental.fr/support-inox-425022-anios.html
anios,21937,anioxyde-1000-4x5l-anios.html,https://www.megadental.fr/anioxyde-1000-4x5l-anios.html
anios,20539,aseptanios-terminal-hph-bidon-de-5-litres-anios.html,https://www.megadental.fr/aseptanios-terminal-hph-bidon-de-5-litres-anios.html
anios,20456,aseptanios-ad-bidon-de-2-litres-anios.html,https://www.megadental.fr/aseptanios-ad-bidon-de-2-litres-anios.html
anios,20260,dentasept-instrument-rotative-5l-mega.html,https://www.megadental.fr/dentasept-instrument-rotative-5l-mega.html
anios,17393,pompe-pour-dentasept-5-l-anios.html,https://www.megadental.fr/pompe-pour-dentasept-5-l-anios.html
anios,6348,bac-decontamination-2l-anios.html,https://www.megadental.fr/bac-decontamination-2l-anios.html
anios,6299,creme-protectrice-pour-les-mains-50-ml-anios.html,https://www.megadental.fr/creme-protectrice-pour-les-mains-50-ml-anios.html
anios,5759,dentasept-sh-flacon-750-ml-anios.html,https://www.megadental.fr/dentasept-sh-flacon-750-ml-anios.html
anios,4940,dentasept-ultra-bidon-5l-anios.html,https://www.megadental.fr/dentasept-ultra-bidon-5l-anios.html
anios,2603,le-systeme-dentasept-asp-system-anios.html,https://www.megadental.fr/le-systeme-dentasept-asp-system-anios.html
anios,324,aniosept-41-premium-le-flacon-de-400-ml-anios.html,https://www.megadental.fr/aniosept-41-premium-le-flacon-de-400-ml-anios.html
ansell,38540,catalog,https://www.megadental.fr/catalog/product/view/id/38540/
ansell,38314,catalog,https://www.megadental.fr/catalog/product/view/id/38314/
ansell,38211,gants-micro-touch-coated-ansell.html,https://www.megadental.fr/gants-micro-touch-coated-ansell.html
ansell,35783,gants-microtouch-nitrafree-rose-ansell.html,https://www.megadental.fr/gants-microtouch-nitrafree-rose-ansell.html
ansell,35732,gants-latex-microflex-non-poudres-ansell.html,https://www.megadental.fr/gants-latex-microflex-non-poudres-ansell.html
anthogyr,38810,piece-a-main-4330-d-4441-013-dm-anthogyr-dm171.html,https://www.megadental.fr/piece-a-main-4330-d-4441-013-dm-anthogyr-dm171.html
anthogyr,38351,contre-angle-implantologie-impulsion-951-7072.html,https://www.megadental.fr/contre-angle-implantologie-impulsion-951-7072.html
anthogyr,37935,piece-a-main-4330d-anthogyr.html,https://www.megadental.fr/piece-a-main-4330d-anthogyr.html
anthogyr,37729,les-turbines-gamme-ultimate-power-b-a-international.html,https://www.megadental.fr/les-turbines-gamme-ultimate-power-b-a-international.html
anthogyr,37725,turbines-ultimate-b-a-international.html,https://www.megadental.fr/turbines-ultimate-b-a-international.html
anthogyr,37605,tenons-titane-tvs-anthogyr.html,https://www.megadental.fr/tenons-titane-tvs-anthogyr.html
anthogyr,37603,tenons-titane-rvs-anthogyr-1.html,https://www.megadental.fr/tenons-titane-rvs-anthogyr-1.html
anthogyr,37602,tenons-titane-rvs-anthogyr.html,https://www.megadental.fr/tenons-titane-rvs-anthogyr.html
anthogyr,37600,tenons-radiculaires-titane-anthogyr.html,https://www.megadental.fr/tenons-radiculaires-titane-anthogyr.html
anthogyr,37597,tenons-fibre-de-verre-fibio-recharges-anthogyr-1.html,https://www.megadental.fr/tenons-fibre-de-verre-fibio-recharges-anthogyr-1.html
anthogyr,37595,tenons-fibre-de-verre-fibio-recharges-anthogyr.html,https://www.megadental.fr/tenons-fibre-de-verre-fibio-recharges-anthogyr.html
anthogyr,37349,seringue-inox-anthogyr.html,https://www.megadental.fr/seringue-inox-anthogyr.html
anthogyr,37340,seringues-anthogyr-1.html,https://www.megadental.fr/seringues-anthogyr-1.html
anthogyr,37331,seringues-anthogyr.html,https://www.megadental.fr/seringues-anthogyr.html
anthogyr,37316,scrw-posts-acier-inox-anthogyr.html,https://www.megadental.fr/scrw-posts-acier-inox-anthogyr.html
anthogyr,37294,safe-remover-anthogyr.html,https://www.megadental.fr/safe-remover-anthogyr.html
anthogyr,37293,safe-relax-evolution-anthogyr.html,https://www.megadental.fr/safe-relax-evolution-anthogyr.html
anthogyr,37179,recharges-de-20-pivots-master-cylindro-conique-anthogyr.html,https://www.megadental.fr/recharges-de-20-pivots-master-cylindro-conique-anthogyr.html
anthogyr,37167,reassorts-crochets-anthogyr.html,https://www.megadental.fr/reassorts-crochets-anthogyr.html
anthogyr,36767,periotome-automatise-exo-safe-anthogyr-3.html,https://www.megadental.fr/periotome-automatise-exo-safe-anthogyr-3.html
anthogyr,36234,lampes-led-optima10-b-a-international.html,https://www.megadental.fr/lampes-led-optima10-b-a-international.html
anthogyr,35439,filtres-pour-aspeo-anthogyr-lots.html,https://www.megadental.fr/filtres-pour-aspeo-anthogyr-lots.html
anthogyr,35363,europosts-titane-anthogyr.html,https://www.megadental.fr/europosts-titane-anthogyr.html
anthogyr,35075,detartreur-a-ultrasons-b-a-international.html,https://www.megadental.fr/detartreur-a-ultrasons-b-a-international.html
anthogyr,34921,contre-angles-niti-control-anthogyr.html,https://www.megadental.fr/contre-angles-niti-control-anthogyr.html
anthogyr,34914,contre-angle-anthogyr.html,https://www.megadental.fr/contre-angle-anthogyr.html
anthogyr,34906,contre-angles-montblanc-anthogyr.html,https://www.megadental.fr/contre-angles-montblanc-anthogyr.html
anthogyr,34905,contre-angle-d-endodontie-micro-niti-anthogyr.html,https://www.megadental.fr/contre-angle-d-endodontie-micro-niti-anthogyr.html
anthogyr,34807,les-cles-pour-screw-posts-anthogyr.html,https://www.megadental.fr/les-cles-pour-screw-posts-anthogyr.html
anthogyr,34363,aspeo-anthogyr.html,https://www.megadental.fr/aspeo-anthogyr.html
anthogyr,34260,alesoirs-pour-tenons-tvs-anthogyr.html,https://www.megadental.fr/alesoirs-pour-tenons-tvs-anthogyr.html
anthogyr,34259,alesoirs-europost-inox-anthogyr.html,https://www.megadental.fr/alesoirs-europost-inox-anthogyr.html
anthogyr,34188,adaptateurs-ancienne-generation-anthogyr.html,https://www.megadental.fr/adaptateurs-ancienne-generation-anthogyr.html
anthogyr,34178,accessoires-pour-safe-relax-et-safe-remover-anthogyr.html,https://www.megadental.fr/accessoires-pour-safe-relax-et-safe-remover-anthogyr.html
anthogyr,32425,contre-angle-bleu-new-ultimate-power-ba40lss-ba-7361-191-dm.html,https://www.megadental.fr/contre-angle-bleu-new-ultimate-power-ba40lss-ba-7361-191-dm.html
anthogyr,32202,protection-d-ecran-adhesive-l-unite-11053-anthogyr.html,https://www.megadental.fr/protection-d-ecran-adhesive-l-unite-11053-anthogyr.html
anthogyr,32200,gaine-de-protection-moteur-l-unite-11054-anthogyr.html,https://www.megadental.fr/gaine-de-protection-moteur-l-unite-11054-anthogyr.html
anthogyr,32199,ligne-d-irrigation-pour-bouteille-l-unite-anthogyr.html,https://www.megadental.fr/ligne-d-irrigation-pour-bouteille-l-unite-anthogyr.html
anthogyr,30749,contre-angle-microniti-8-1-10608-anthogyr.html,https://www.megadental.fr/contre-angle-microniti-8-1-10608-anthogyr.html
anthogyr,27133,pivotmaster-conique-inox-jaune-2782il-anthogyr.html,https://www.megadental.fr/pivotmaster-conique-inox-jaune-2782il-anthogyr.html
anthogyr,24163,vis-pistolet-ref-2419t-anthogyr.html,https://www.megadental.fr/vis-pistolet-ref-2419t-anthogyr.html
anthogyr,23615,cavaliers-de-pulverisation-10-10476d-anthogyr.html,https://www.megadental.fr/cavaliers-de-pulverisation-10-10476d-anthogyr.html
anthogyr,23505,kit-atd301-pour-arrache-couronnes-1820-anthogyr.html,https://www.megadental.fr/kit-atd301-pour-arrache-couronnes-1820-anthogyr.html
anthogyr,23136,pivotmaster-cyl-con-verrou-calc-jaune-12-anthogyr.html,https://www.megadental.fr/pivotmaster-cyl-con-verrou-calc-jaune-12-anthogyr.html
anthogyr,23093,pivotmaster-conique-inox-blanc-2781i-20-anthogyr.html,https://www.megadental.fr/pivotmaster-conique-inox-blanc-2781i-20-anthogyr.html
anthogyr,23082,pivotmaster-conique-inox-jaune-2782i-20-anthogyr.html,https://www.megadental.fr/pivotmaster-conique-inox-jaune-2782i-20-anthogyr.html
anthogyr,23071,pivotmaster-con-calc-blanc-2781c-20-anthogyr.html,https://www.megadental.fr/pivotmaster-con-calc-blanc-2781c-20-anthogyr.html
anthogyr,23051,pivotmaster-con-calc-rouge-2783c-20-anthogyr.html,https://www.megadental.fr/pivotmaster-con-calc-rouge-2783c-20-anthogyr.html
anthogyr,21990,pivotmaster-con-calc-jaune-2782c-20-anthogyr.html,https://www.megadental.fr/pivotmaster-con-calc-jaune-2782c-20-anthogyr.html
anthogyr,21976,vis-de-maintien-ref-8272-anthogyr.html,https://www.megadental.fr/vis-de-maintien-ref-8272-anthogyr.html
anthogyr,21340,cavalier-de-pulverisation-10475-anthogyr.html,https://www.megadental.fr/cavalier-de-pulverisation-10475-anthogyr.html
anthogyr,20524,embout-droit-2390-pour-seringue-ergoject-anthogyr.html,https://www.megadental.fr/embout-droit-2390-pour-seringue-ergoject-anthogyr.html
anthogyr,19471,periotome-automatise-exo-safe-anthogyr-2.html,https://www.megadental.fr/periotome-automatise-exo-safe-anthogyr-2.html
anthogyr,19141,periotome-automatise-exo-safe-anthogyr-1.html,https://www.megadental.fr/periotome-automatise-exo-safe-anthogyr-1.html
anthogyr,17875,lignes-d-irrigation.html,https://www.megadental.fr/lignes-d-irrigation.html
anthogyr,17798,spray-huile.html,https://www.megadental.fr/spray-huile.html
anthogyr,16778,contre-angle-implanto-impulsion-anthogyr.html,https://www.megadental.fr/contre-angle-implanto-impulsion-anthogyr.html
anthogyr,16777,contre-angle-implantologie-impulsion.html,https://www.megadental.fr/contre-angle-implantologie-impulsion.html
anthogyr,16359,cle-pour-inserts-type-ems-satelec-ba-international.html,https://www.megadental.fr/cle-pour-inserts-type-ems-satelec-ba-international.html
anthogyr,16202,contre-angle-10401xl-et-10401x.html,https://www.megadental.fr/contre-angle-10401xl-et-10401x.html
anthogyr,16198,contre-angle-10400xl-et-10400x.html,https://www.megadental.fr/contre-angle-10400xl-et-10400x.html
anthogyr,16148,contre-angle-mont-blanc-implanto-lumiere-anthogyr.html,https://www.megadental.fr/contre-angle-mont-blanc-implanto-lumiere-anthogyr.html
anthogyr,15794,contre-angle-dynamometrique-torq-control.html,https://www.megadental.fr/contre-angle-dynamometrique-torq-control.html
anthogyr,11463,fibio-core-anthogyr-20-tenons-4-forets-20-stops-film-de-cadrillage.html,https://www.megadental.fr/fibio-core-anthogyr-20-tenons-4-forets-20-stops-film-de-cadrillage.html
anthogyr,10415,raccord-ba360led-ba-international.html,https://www.megadental.fr/raccord-ba360led-ba-international.html
anthogyr,10398,pivotmaster-cyl-con-foret-noir-2895t-3-anthogyr.html,https://www.megadental.fr/pivotmaster-cyl-con-foret-noir-2895t-3-anthogyr.html
anthogyr,10152,pivotmaster-cyl-con-calc-vert-2884c-20-anthogyr.html,https://www.megadental.fr/pivotmaster-cyl-con-calc-vert-2884c-20-anthogyr.html
anthogyr,10151,pivot-master-cylindro-conique-recharges.html,https://www.megadental.fr/pivot-master-cylindro-conique-recharges.html
anthogyr,10139,pivotmaster-cyl-con-inox-vert-2884i-20-anthogyr.html,https://www.megadental.fr/pivotmaster-cyl-con-inox-vert-2884i-20-anthogyr.html
anthogyr,10138,pivotmaster-cyl-con-inox-noir-2885i-20-anthogyr.html,https://www.megadental.fr/pivotmaster-cyl-con-inox-noir-2885i-20-anthogyr.html
anthogyr,10132,pivot-master-cylindro-conique.html,https://www.megadental.fr/pivot-master-cylindro-conique.html
anthogyr,9924,lampe-led-blanche-ultimate-1400-ba-international.html,https://www.megadental.fr/lampe-led-blanche-ultimate-1400-ba-international.html
anthogyr,8769,turbine-ultimate-ba695-midwest-ba-international.html,https://www.megadental.fr/turbine-ultimate-ba695-midwest-ba-international.html
anthogyr,6560,fraises-a-planer-no4-3-5523t-anthogyr.html,https://www.megadental.fr/fraises-a-planer-no4-3-5523t-anthogyr.html
anthogyr,5431,raccord-ba565-type-nsk-ba-international.html,https://www.megadental.fr/raccord-ba565-type-nsk-ba-international.html
anthogyr,5354,periotome-automatise-exo-safe-anthogyr.html,https://www.megadental.fr/periotome-automatise-exo-safe-anthogyr.html
anthogyr,5333,raccord-rapide-r-pour-turbines-dentsply-sirona.html,https://www.megadental.fr/raccord-rapide-r-pour-turbines-dentsply-sirona.html
anthogyr,4285,screw-post-inox-set-complet-5320ld-anthogyr.html,https://www.megadental.fr/screw-post-inox-set-complet-5320ld-anthogyr.html
anthogyr,4112,recapuchonneur-d-aiguilles-anthogyr.html,https://www.megadental.fr/recapuchonneur-d-aiguilles-anthogyr.html
anthogyr,3175,coffret-7782-europost-titane.html,https://www.megadental.fr/coffret-7782-europost-titane.html
anthogyr,3160,screw-posts-acier-inox-coffret-5320-anthogyr.html,https://www.megadental.fr/screw-posts-acier-inox-coffret-5320-anthogyr.html
anthogyr,3050,piece-a-main-ultimate-bac150al-type-sirona-lumiere-ba-international.html,https://www.megadental.fr/piece-a-main-ultimate-bac150al-type-sirona-lumiere-ba-international.html
anthogyr,2968,fibre-optique-optima10-ba-international.html,https://www.megadental.fr/fibre-optique-optima10-ba-international.html
anthogyr,2967,piece-a-main-droite-ultimate-power-ba280lss-ba-international.html,https://www.megadental.fr/piece-a-main-droite-ultimate-power-ba280lss-ba-international.html
anthogyr,288,instruments-de-chirurgie-pour-implanteo-3.html,https://www.megadental.fr/instruments-de-chirurgie-pour-implanteo-3.html
anthogyr,263,instruments-de-chirurgie-pour-implanteo-1.html,https://www.megadental.fr/instruments-de-chirurgie-pour-implanteo-1.html
anthogyr,261,implanteo.html,https://www.megadental.fr/implanteo.html
anthogyr,260,moteur-implanteo-led-ca-10400xled-anthogyr.html,https://www.megadental.fr/moteur-implanteo-led-ca-10400xled-anthogyr.html
anthogyr,259,instruments-de-chirurgie-pour-implanteo.html,https://www.megadental.fr/instruments-de-chirurgie-pour-implanteo.html
anthos,32303,carter-inferieur-aspi-a7-ref-97461330-anthos.html,https://www.megadental.fr/carter-inferieur-aspi-a7-ref-97461330-anthos.html
anthos,28660,sonde-bas-99917515-anthos.html,https://www.megadental.fr/sonde-bas-99917515-anthos.html
anthos,28656,bague-orientable-97964500-anthos.html,https://www.megadental.fr/bague-orientable-97964500-anthos.html
anthos,28655,joint-diametre-32-97400105-anthos.html,https://www.megadental.fr/joint-diametre-32-97400105-anthos.html
anthos,28654,joint-diametre-40-97400104-anthos.html,https://www.megadental.fr/joint-diametre-40-97400104-anthos.html
anthos,28653,joint-torique-2021-97360900-anthos.html,https://www.megadental.fr/joint-torique-2021-97360900-anthos.html
anthos,28583,joint-jet-de-verre-kisar-ref-97372800-anthos.html,https://www.megadental.fr/joint-jet-de-verre-kisar-ref-97372800-anthos.html
anthos,26514,bouchon-97460238-anthos.html,https://www.megadental.fr/bouchon-97460238-anthos.html
anthos,22525,joint-bouchon-piece-interne-kisar-97372600-anthos.html,https://www.megadental.fr/joint-bouchon-piece-interne-kisar-97372600-anthos.html
anthos,21477,piece-a-main-detartreur-u-pz6s-ref-95529143-anthos.html,https://www.megadental.fr/piece-a-main-detartreur-u-pz6s-ref-95529143-anthos.html
apeco-meditex-,22864,spatule-a-platre-inox-double.html,https://www.megadental.fr/spatule-a-platre-inox-double.html
apeco-meditex-,6991,manche-de-bistouris-apeco-meditex.html,https://www.megadental.fr/manche-de-bistouris-apeco-meditex.html
apeco-meditex-,6986,manche-de-miroir-eco.html,https://www.megadental.fr/manche-de-miroir-eco.html
art-dentaire-,18501,cire-articulation-rose-boite-2-5kg-art-dentaire.html,https://www.megadental.fr/cire-articulation-rose-boite-2-5kg-art-dentaire.html
art-dentaire-,18466,cire-fer-a-cheval-rose-standard-100-art-dentaire.html,https://www.megadental.fr/cire-fer-a-cheval-rose-standard-100-art-dentaire.html
art-dentaire-,18465,cire-fer-a-cheval-verte-souple-100-art-dentaire.html,https://www.megadental.fr/cire-fer-a-cheval-verte-souple-100-art-dentaire.html
acteon-satelec-,38599,kit-irrigation-27g-x100-acteon-897-2790.html,https://www.megadental.fr/kit-irrigation-27g-x100-acteon-897-2790.html
acteon-satelec-,38547,catalog,https://www.megadental.fr/catalog/product/view/id/38547/
acteon-satelec-,38546,catalog,https://www.megadental.fr/catalog/product/view/id/38546/
acteon-satelec-,38196,html-3,https://www.megadental.fr/html-3
acteon-satelec-,37320,sealite-pierre-rolland.html,https://www.megadental.fr/sealite-pierre-rolland.html
acteon-satelec-,37239,riskontrol-total-protec-pierre-rolland.html,https://www.megadental.fr/riskontrol-total-protec-pierre-rolland.html
acteon-satelec-,37238,embouts-riskontrol-classic-acteon.html,https://www.megadental.fr/embouts-riskontrol-classic-acteon.html
acteon-satelec-,37237,embouts-riskontrol-art-acteon.html,https://www.megadental.fr/embouts-riskontrol-art-acteon.html
acteon-satelec-,37024,poudres-air-n-go-acteon-satelec-1.html,https://www.megadental.fr/poudres-air-n-go-acteon-satelec-1.html
acteon-satelec-,36836,plaques-erlm-pour-pspix-nouvelle-generation-boite-de-2-acteon.html,https://www.megadental.fr/plaques-erlm-pour-pspix-nouvelle-generation-boite-de-2-acteon.html
acteon-satelec-,36835,plaques-erlm-pour-pspix-ancienne-generation-boite-de-6-acteon.html,https://www.megadental.fr/plaques-erlm-pour-pspix-ancienne-generation-boite-de-6-acteon.html
acteon-satelec-,36783,newtron-p5xs-pieces-a-main-acteon-satelec.html,https://www.megadental.fr/newtron-p5xs-pieces-a-main-acteon-satelec.html
acteon-satelec-,36685,outil-de-meulage-dgshape.html,https://www.megadental.fr/outil-de-meulage-dgshape.html
acteon-satelec-,36602,newtron-p5xs-b-led-acteon.html,https://www.megadental.fr/newtron-p5xs-b-led-acteon.html
acteon-satelec-,36574,mta-caps-acteon.html,https://www.megadental.fr/mta-caps-acteon.html
acteon-satelec-,36515,mini-led-led-ortho-2-acteon.html,https://www.megadental.fr/mini-led-led-ortho-2-acteon.html
acteon-satelec-,36305,limes-endo-irri-safe-acteon.html,https://www.megadental.fr/limes-endo-irri-safe-acteon.html
acteon-satelec-,36208,kit-endo-success-retreatment-acteon.html,https://www.megadental.fr/kit-endo-success-retreatment-acteon.html
acteon-satelec-,36047,insert-sinus-pour-piezo-satelec.html,https://www.megadental.fr/insert-sinus-pour-piezo-satelec.html
acteon-satelec-,36042,inserts-implantprotect-acteon.html,https://www.megadental.fr/inserts-implantprotect-acteon.html
acteon-satelec-,36033,inserts-sinus-lift-acteon.html,https://www.megadental.fr/inserts-sinus-lift-acteon.html
acteon-satelec-,36021,inserts-perfect-margin-rounded-satelec-acteon.html,https://www.megadental.fr/inserts-perfect-margin-rounded-satelec-acteon.html
acteon-satelec-,36019,inserts-intralift-satelec-acteon.html,https://www.megadental.fr/inserts-intralift-satelec-acteon.html
acteon-satelec-,36015,inserts-excavus-a-ultrasons-acteon.html,https://www.megadental.fr/inserts-excavus-a-ultrasons-acteon.html
acteon-satelec-,36014,inserts-endosurgery-satelec-acteon.html,https://www.megadental.fr/inserts-endosurgery-satelec-acteon.html
acteon-satelec-,36013,inserts-a-ultrasons-satelec-acteon.html,https://www.megadental.fr/inserts-a-ultrasons-satelec-acteon.html
acteon-satelec-,36011,inserts-endodontie-a-ultrasons-acteon.html,https://www.megadental.fr/inserts-endodontie-a-ultrasons-acteon.html
acteon-satelec-,36008,inserts-crown-extension-satelec.html,https://www.megadental.fr/inserts-crown-extension-satelec.html
acteon-satelec-,36005,inserts-a-ultrasons-acteon.html,https://www.megadental.fr/inserts-a-ultrasons-acteon.html
acteon-satelec-,35930,housses-de-protections-erlm-satelec.html,https://www.megadental.fr/housses-de-protections-erlm-satelec.html
acteon-satelec-,35929,housses-pour-plaques-erlm-pour-pspix-ancienne-generation-boite-de-250-acteon.html,https://www.megadental.fr/housses-pour-plaques-erlm-pour-pspix-ancienne-generation-boite-de-250-acteon.html
acteon-satelec-,35927,housses-plaques-erlm-pour-pspix-2-nouvelle-generation-boite-de-300-acteon.html,https://www.megadental.fr/housses-plaques-erlm-pour-pspix-2-nouvelle-generation-boite-de-300-acteon.html
acteon-satelec-,35897,hemostasyl-pierre-rolland.html,https://www.megadental.fr/hemostasyl-pierre-rolland.html
acteon-satelec-,35396,extraction-acteon.html,https://www.megadental.fr/extraction-acteon.html
acteon-satelec-,35211,electrodes-servotomes-acteon-satelec.html,https://www.megadental.fr/electrodes-servotomes-acteon-satelec.html
acteon-satelec-,34739,cimavit-photo-pierre-rolland.html,https://www.megadental.fr/cimavit-photo-pierre-rolland.html
acteon-satelec-,34646,capteurs-sopix-taille-1-acteon.html,https://www.megadental.fr/capteurs-sopix-taille-1-acteon.html
acteon-satelec-,34642,capsules-expasyl-x-20-pierre-rolland.html,https://www.megadental.fr/capsules-expasyl-x-20-pierre-rolland.html
acteon-satelec-,34621,canules-d-application-expasyl-pierre-rolland.html,https://www.megadental.fr/canules-d-application-expasyl-pierre-rolland.html
acteon-satelec-,34518,inserts-bone-surgery-satelec-acteon.html,https://www.megadental.fr/inserts-bone-surgery-satelec-acteon.html
acteon-satelec-,34245,air-n-go-buses-acteon.html,https://www.megadental.fr/air-n-go-buses-acteon.html
acteon-satelec-,34215,aeropolisseurs-air-n-go-easy-pack-acteon-satelec.html,https://www.megadental.fr/aeropolisseurs-air-n-go-easy-pack-acteon-satelec.html
acteon-satelec-,34195,adaptateurs-riskontrol-pierre-rolland.html,https://www.megadental.fr/adaptateurs-riskontrol-pierre-rolland.html
acteon-satelec-,32385,insert-ce3-implant-center-piezotome-f87353-satelec.html,https://www.megadental.fr/insert-ce3-implant-center-piezotome-f87353-satelec.html
acteon-satelec-,32223,cles-pour-insert-couleur-bleue-f81330-satelec.html,https://www.megadental.fr/cles-pour-insert-couleur-bleue-f81330-satelec.html
acteon-satelec-,31497,cordon-pour-pam-prophypen-airmax-f10528-satelec.html,https://www.megadental.fr/cordon-pour-pam-prophypen-airmax-f10528-satelec.html
acteon-satelec-,30870,cle-dynamometrique-f50150-satelec.html,https://www.megadental.fr/cle-dynamometrique-f50150-satelec.html
acteon-satelec-,30573,douille-ar-pam-newtron-gris-clair-x12089-satelec.html,https://www.megadental.fr/douille-ar-pam-newtron-gris-clair-x12089-satelec.html
acteon-satelec-,29193,biosplint-bandelettes-201661-pierre-rolland.html,https://www.megadental.fr/biosplint-bandelettes-201661-pierre-rolland.html
acteon-satelec-,28595,bocal-poudre-blanc-prophymax-newtron-satelec.html,https://www.megadental.fr/bocal-poudre-blanc-prophymax-newtron-satelec.html
acteon-satelec-,28315,batterie-titanium-miniled-autofocus-f02901-satelec.html,https://www.megadental.fr/batterie-titanium-miniled-autofocus-f02901-satelec.html
acteon-satelec-,28299,porte-electrode-bistouri-ref-f00476-satelec.html,https://www.megadental.fr/porte-electrode-bistouri-ref-f00476-satelec.html
acteon-satelec-,28283,cordon-detartreur-satelec-coul-adec-f00184-satelec.html,https://www.megadental.fr/cordon-detartreur-satelec-coul-adec-f00184-satelec.html
acteon-satelec-,28276,cordon-gris-piece-a-main-piezotome-f57305-satelec.html,https://www.megadental.fr/cordon-gris-piece-a-main-piezotome-f57305-satelec.html
acteon-satelec-,28210,cordon-detartreur-p-adec-surf-rac-f00188-satelec.html,https://www.megadental.fr/cordon-detartreur-p-adec-surf-rac-f00188-satelec.html
acteon-satelec-,28068,cordon-detartreur-satelec-teinte-adec-grey-3f01154.html,https://www.megadental.fr/cordon-detartreur-satelec-teinte-adec-grey-3f01154.html
acteon-satelec-,27755,clip-ligne-irrigation-e57353-satelec.html,https://www.megadental.fr/clip-ligne-irrigation-e57353-satelec.html
acteon-satelec-,27675,nez-gris-piece-a-main-newtron-satelec.html,https://www.megadental.fr/nez-gris-piece-a-main-newtron-satelec.html
acteon-satelec-,27662,joint-blanc-bocal-prophy-newtron-e15006-satelec.html,https://www.megadental.fr/joint-blanc-bocal-prophy-newtron-e15006-satelec.html
acteon-satelec-,27655,jeu-joints-connect-cordon-prophypen-f10379-satelec.html,https://www.megadental.fr/jeu-joints-connect-cordon-prophypen-f10379-satelec.html
acteon-satelec-,27647,cordon-detartreur-newtron-pe5-xs-f00212-satelec.html,https://www.megadental.fr/cordon-detartreur-newtron-pe5-xs-f00212-satelec.html
acteon-satelec-,27598,suspension-bouteille-pour-pmax-ref-e58791-satelec.html,https://www.megadental.fr/suspension-bouteille-pour-pmax-ref-e58791-satelec.html
acteon-satelec-,27594,cordon-detartreur-blanc-prophymax-f01176-satelec.html,https://www.megadental.fr/cordon-detartreur-blanc-prophymax-f01176-satelec.html
acteon-satelec-,27587,pied-avant-droit-support-bleu-e59807-satelec.html,https://www.megadental.fr/pied-avant-droit-support-bleu-e59807-satelec.html
acteon-satelec-,27586,joint-nez-piece-a-main-newtron-e28002-satelec.html,https://www.megadental.fr/joint-nez-piece-a-main-newtron-e28002-satelec.html
acteon-satelec-,27569,cassette-pompe-detartreur-p5-xs-pmax-xs-satelec.html,https://www.megadental.fr/cassette-pompe-detartreur-p5-xs-pmax-xs-satelec.html
acteon-satelec-,27555,galet-teflon-kit-irrig-prophy-max-e59772-satelec.html,https://www.megadental.fr/galet-teflon-kit-irrig-prophy-max-e59772-satelec.html
acteon-satelec-,27554,micromoteur-lumiere-i-surge-led-f27210-satelec.html,https://www.megadental.fr/micromoteur-lumiere-i-surge-led-f27210-satelec.html
acteon-satelec-,27552,bague-metal-cordon-pam-newtron-lux-e12414-satelec.html,https://www.megadental.fr/bague-metal-cordon-pam-newtron-lux-e12414-satelec.html
acteon-satelec-,27522,cordon-newtron-piezotome-2-ref-f12850-satelec.html,https://www.megadental.fr/cordon-newtron-piezotome-2-ref-f12850-satelec.html
acteon-satelec-,27521,alimentation-miniled-af-ref-f02940-satelec.html,https://www.megadental.fr/alimentation-miniled-af-ref-f02940-satelec.html
acteon-satelec-,27488,coude-blanc-cocoom-igenist-ref-e74053-satelec.html,https://www.megadental.fr/coude-blanc-cocoom-igenist-ref-e74053-satelec.html
acteon-satelec-,26730,pedale-pmax-xs-f00062-satelec.html,https://www.megadental.fr/pedale-pmax-xs-f00062-satelec.html
acteon-satelec-,26725,joint-torique-nitrile-4-2x1-9-ref-e15020-satelec.html,https://www.megadental.fr/joint-torique-nitrile-4-2x1-9-ref-e15020-satelec.html
acteon-satelec-,26684,support-piece-a-main-pmax-xs-ref-e58574-satelec.html,https://www.megadental.fr/support-piece-a-main-pmax-xs-ref-e58574-satelec.html
acteon-satelec-,26670,rouleau-ruban-encreur-pr-quaz-2-f03928-satelec.html,https://www.megadental.fr/rouleau-ruban-encreur-pr-quaz-2-f03928-satelec.html
acteon-satelec-,26533,piezotome-cube-av-kit-omnipratique-f50113-satelec.html,https://www.megadental.fr/piezotome-cube-av-kit-omnipratique-f50113-satelec.html
acteon-satelec-,26414,986-1004-recondi-elitehdputtysoft-norm2x250ml-zhe-999-1717.html,https://www.megadental.fr/986-1004-recondi-elitehdputtysoft-norm2x250ml-zhe-999-1717.html
acteon-satelec-,26384,377-7013-recondi-affinis-prec-regul-bdy-2x50ml-clt-999-1738.html,https://www.megadental.fr/377-7013-recondi-affinis-prec-regul-bdy-2x50ml-clt-999-1738.html
acteon-satelec-,26375,support-moteur-de-pompe-p-max-e34050-satelec.html,https://www.megadental.fr/support-moteur-de-pompe-p-max-e34050-satelec.html
acteon-satelec-,26353,alimentation-secteur-220v-base-mini-led-satelec.html,https://www.megadental.fr/alimentation-secteur-220v-base-mini-led-satelec.html
acteon-satelec-,26307,kit-4-joints-cordon-pam-prophypen-f10375-satelec.html,https://www.megadental.fr/kit-4-joints-cordon-pam-prophypen-f10375-satelec.html
acteon-satelec-,26292,kit-3-viroles-tuyau-detartreur-pmax-f59761-satelec.html,https://www.megadental.fr/kit-3-viroles-tuyau-detartreur-pmax-f59761-satelec.html
acteon-satelec-,26261,joint-noir-reservoir-p5-xs-e15121-satelec.html,https://www.megadental.fr/joint-noir-reservoir-p5-xs-e15121-satelec.html
acteon-satelec-,26251,douille-av-gris-clair-servotome-ref-x00981-satelec.html,https://www.megadental.fr/douille-av-gris-clair-servotome-ref-x00981-satelec.html
acteon-satelec-,26247,cordon-blanc-pam-p5-newtron-xs-ref-f00222-satelec.html,https://www.megadental.fr/cordon-blanc-pam-p5-newtron-xs-ref-f00222-satelec.html
acteon-satelec-,26235,guide-lumiere-pam-led-piezotome-e12812-satelec.html,https://www.megadental.fr/guide-lumiere-pam-led-piezotome-e12812-satelec.html
acteon-satelec-,25827,joint-porte-autoclave-quaz-e03931-satelec.html,https://www.megadental.fr/joint-porte-autoclave-quaz-e03931-satelec.html
acteon-satelec-,25821,buse-titan-135-deg-diam-0-7mm-pr-prophymax-satelec.html,https://www.megadental.fr/buse-titan-135-deg-diam-0-7mm-pr-prophymax-satelec.html
acteon-satelec-,25817,rallonge-pied-av-ou-ar-pmax-ref-e59806-satelec.html,https://www.megadental.fr/rallonge-pied-av-ou-ar-pmax-ref-e59806-satelec.html
acteon-satelec-,25771,spatule-lsp1-208-01-prodont.html,https://www.megadental.fr/spatule-lsp1-208-01-prodont.html
acteon-satelec-,25765,coolsin-plus-50-ml-pierre-rolland.html,https://www.megadental.fr/coolsin-plus-50-ml-pierre-rolland.html
acteon-satelec-,25663,cordon-porte-electrodes-2m-f00475-satelec.html,https://www.megadental.fr/cordon-porte-electrodes-2m-f00475-satelec.html
acteon-satelec-,25619,joint-bleu-13-x1-p5-newtron-xs-e15108-satelec.html,https://www.megadental.fr/joint-bleu-13-x1-p5-newtron-xs-e15108-satelec.html
acteon-satelec-,25217,anneau-lumiere-pam-newtron-led-f12605-satelec.html,https://www.megadental.fr/anneau-lumiere-pam-newtron-led-f12605-satelec.html
acteon-satelec-,25172,kit-2-joints-prophypen-1-joint-buse-satelec.html,https://www.megadental.fr/kit-2-joints-prophypen-1-joint-buse-satelec.html
acteon-satelec-,25102,joint-porte-pour-vela-170-e03498-satelec.html,https://www.megadental.fr/joint-porte-pour-vela-170-e03498-satelec.html
acteon-satelec-,24917,gros-joint-pam-newtron-slim-b-led-e15002-satelec.html,https://www.megadental.fr/gros-joint-pam-newtron-slim-b-led-e15002-satelec.html
acteon-satelec-,24806,boite-plastique-vide-f12351-satelec.html,https://www.megadental.fr/boite-plastique-vide-f12351-satelec.html
acteon-satelec-,24774,boite-alu-4-cles-f12352-satelec.html,https://www.megadental.fr/boite-alu-4-cles-f12352-satelec.html
acteon-satelec-,24755,insert-pms1-f02254-satelec.html,https://www.megadental.fr/insert-pms1-f02254-satelec.html
acteon-satelec-,24752,insert-pms2-f02255-satelec.html,https://www.megadental.fr/insert-pms2-f02255-satelec.html
acteon-satelec-,24548,raccord-m5-cannele-1-2-e32159-satelec.html,https://www.megadental.fr/raccord-m5-cannele-1-2-e32159-satelec.html
acteon-satelec-,24534,applicateur-pour-capsules-pierre-rolland.html,https://www.megadental.fr/applicateur-pour-capsules-pierre-rolland.html
acteon-satelec-,24376,pack-newtron-paro-2-led-f87520-satelec.html,https://www.megadental.fr/pack-newtron-paro-2-led-f87520-satelec.html
acteon-satelec-,24221,pedale-blanche-p5-booster-cordon-e58826-satelec.html,https://www.megadental.fr/pedale-blanche-p5-booster-cordon-e58826-satelec.html
acteon-satelec-,24215,filtre-a-eau-booster-p5-pmax-proph-f10389-satelec.html,https://www.megadental.fr/filtre-a-eau-booster-p5-pmax-proph-f10389-satelec.html
acteon-satelec-,24127,adaptateur-sterijoint-f58703-satelec.html,https://www.megadental.fr/adaptateur-sterijoint-f58703-satelec.html
acteon-satelec-,24066,pedale-p5-newtron-xs-ref-f00061-satelec.html,https://www.megadental.fr/pedale-p5-newtron-xs-ref-f00061-satelec.html
acteon-satelec-,23881,table-kart-3-etageres-en-verre-f03739-satelec.html,https://www.megadental.fr/table-kart-3-etageres-en-verre-f03739-satelec.html
acteon-satelec-,23627,kit-11-joints-air-n-go-f10205-satelec.html,https://www.megadental.fr/kit-11-joints-air-n-go-f10205-satelec.html
acteon-satelec-,23608,kit-pam-basse-tension-oem-f12686-satelec.html,https://www.megadental.fr/kit-pam-basse-tension-oem-f12686-satelec.html
acteon-satelec-,23292,pam-led-cordon-piezotome-ii-solo-led-satelec.html,https://www.megadental.fr/pam-led-cordon-piezotome-ii-solo-led-satelec.html
acteon-satelec-,23027,coucercle-reservoir-newtron-p5-xs-e62004-satelec.html,https://www.megadental.fr/coucercle-reservoir-newtron-p5-xs-e62004-satelec.html
acteon-satelec-,22910,pedale-simple-pour-servotom-f00059-satelec.html,https://www.megadental.fr/pedale-simple-pour-servotom-f00059-satelec.html
acteon-satelec-,22876,cordon-micro-moteur-i-surge-led-f27211-satelec.html,https://www.megadental.fr/cordon-micro-moteur-i-surge-led-f27211-satelec.html
acteon-satelec-,22866,reservoir-gradue-300ml-f62004-satelec.html,https://www.megadental.fr/reservoir-gradue-300ml-f62004-satelec.html
acteon-satelec-,22739,cone-court-8-cm-radio-xmind-ref-f03145-satelec.html,https://www.megadental.fr/cone-court-8-cm-radio-xmind-ref-f03145-satelec.html
acteon-satelec-,22670,kit-perfect-margin-shoulder-f00736-satelec.html,https://www.megadental.fr/kit-perfect-margin-shoulder-f00736-satelec.html
acteon-satelec-,22637,protection-ovale-mini-led-black-satelec.html,https://www.megadental.fr/protection-ovale-mini-led-black-satelec.html
acteon-satelec-,22553,reservoir-air-n-go-f10213-satelec.html,https://www.megadental.fr/reservoir-air-n-go-f10213-satelec.html
acteon-satelec-,22459,limes-irrisafe-25-21mm-par-2-f43804-satelec.html,https://www.megadental.fr/limes-irrisafe-25-21mm-par-2-f43804-satelec.html
acteon-satelec-,22239,reservoir-couvercle-pmax-xs-f58525-satelec.html,https://www.megadental.fr/reservoir-couvercle-pmax-xs-f58525-satelec.html
acteon-satelec-,22221,cordon-sil-gris-clair-detartreur-f00195-satelec.html,https://www.megadental.fr/cordon-sil-gris-clair-detartreur-f00195-satelec.html
acteon-satelec-,22209,guide-lumiere-pam-newtron-led-e12674-satelec.html,https://www.megadental.fr/guide-lumiere-pam-newtron-led-e12674-satelec.html
acteon-satelec-,22014,reservoir-gradue-500ml-f62005-satelec.html,https://www.megadental.fr/reservoir-gradue-500ml-f62005-satelec.html
acteon-satelec-,21982,transducteur-pam-detartreur-ref-f12226-satelec.html,https://www.megadental.fr/transducteur-pam-detartreur-ref-f12226-satelec.html
acteon-satelec-,21958,tuyau-remplissage-eau-ref-f03905-satelec.html,https://www.megadental.fr/tuyau-remplissage-eau-ref-f03905-satelec.html
acteon-satelec-,21786,boitier-declencheur-cordon-xmind-f03209-satelec.html,https://www.megadental.fr/boitier-declencheur-cordon-xmind-f03209-satelec.html
acteon-satelec-,21711,courroie-pour-vibreur-softly-ref-28500115-satelec.html,https://www.megadental.fr/courroie-pour-vibreur-softly-ref-28500115-satelec.html
acteon-satelec-,21608,pedale-pmax-suprasson-servotome-f00045-satelec.html,https://www.megadental.fr/pedale-pmax-suprasson-servotome-f00045-satelec.html
acteon-satelec-,21530,bouton-irrigation-newtron-p5-xs-ref-f62006-satelec.html,https://www.megadental.fr/bouton-irrigation-newtron-p5-xs-ref-f62006-satelec.html
acteon-satelec-,21491,insert-pms3-f02256-satelec.html,https://www.megadental.fr/insert-pms3-f02256-satelec.html
acteon-satelec-,21425,cordon-led-pmax-xs-newtron-deconnec-f00628-satelec.html,https://www.megadental.fr/cordon-led-pmax-xs-newtron-deconnec-f00628-satelec.html
acteon-satelec-,21302,support-blanc-pam-p5-xs-newtron-ref-e58156-satelec.html,https://www.megadental.fr/support-blanc-pam-p5-xs-newtron-ref-e58156-satelec.html
acteon-satelec-,21159,poudre-airngo-menthe-sachets-50x20g-satelec.html,https://www.megadental.fr/poudre-airngo-menthe-sachets-50x20g-satelec.html
acteon-satelec-,21011,tete-aeronet-prophylaxie-e10338-satelec.html,https://www.megadental.fr/tete-aeronet-prophylaxie-e10338-satelec.html
acteon-satelec-,20935,insert-sinus-sl1-pour-piezo-iif87311-satelec.html,https://www.megadental.fr/insert-sinus-sl1-pour-piezo-iif87311-satelec.html
acteon-satelec-,20917,insert-bone-bs2r-pour-piezo-i-f87303-satelec.html,https://www.megadental.fr/insert-bone-bs2r-pour-piezo-i-f87303-satelec.html
acteon-satelec-,20890,batterie-montee-grise-mini-led-f02520-satelec.html,https://www.megadental.fr/batterie-montee-grise-mini-led-f02520-satelec.html
acteon-satelec-,20772,cordon-sil-detartreur-teinte-adec-f00234-satelec.html,https://www.megadental.fr/cordon-sil-detartreur-teinte-adec-f00234-satelec.html
acteon-satelec-,20697,cordon-detartreur-sili-gris-fonce-f00187-satelec.html,https://www.megadental.fr/cordon-detartreur-sili-gris-fonce-f00187-satelec.html
acteon-satelec-,20685,cordon-newtron-led-pzt-ii-satelec.html,https://www.megadental.fr/cordon-newtron-led-pzt-ii-satelec.html
acteon-satelec-,20663,ecran-de-protection-pour-lampe-mini-led-satelec.html,https://www.megadental.fr/ecran-de-protection-pour-lampe-mini-led-satelec.html
acteon-satelec-,20615,cordon-micro-moteur-imln-srs-gris-ral-9002-satelec.html,https://www.megadental.fr/cordon-micro-moteur-imln-srs-gris-ral-9002-satelec.html
acteon-satelec-,20566,kit-10-capuchons-insert-piezocem-f00397-satelec.html,https://www.megadental.fr/kit-10-capuchons-insert-piezocem-f00397-satelec.html
acteon-satelec-,20330,bouchon-bleu-pour-flacon-d-irrigation-satelec.html,https://www.megadental.fr/bouchon-bleu-pour-flacon-d-irrigation-satelec.html
acteon-satelec-,20257,kit-outil-demonte-joint-joints-pam-f12304-satelec.html,https://www.megadental.fr/kit-outil-demonte-joint-joints-pam-f12304-satelec.html
acteon-satelec-,20226,nez-plastique-pour-pam-newtron-led-e12681-satelec.html,https://www.megadental.fr/nez-plastique-pour-pam-newtron-led-e12681-satelec.html
acteon-satelec-,20138,insert-sinus-sl4-pour-piezo-i-f87314-satelec.html,https://www.megadental.fr/insert-sinus-sl4-pour-piezo-i-f87314-satelec.html
acteon-satelec-,20107,insert-piezocem-c20-f00113-satelec.html,https://www.megadental.fr/insert-piezocem-c20-f00113-satelec.html
acteon-satelec-,19853,738-1090-recondi-pinnacle-cire-plc-rose-500gr-dts-999-1723.html,https://www.megadental.fr/738-1090-recondi-pinnacle-cire-plc-rose-500gr-dts-999-1723.html
acteon-satelec-,19702,pack-essential-ii-satelec.html,https://www.megadental.fr/pack-essential-ii-satelec.html
acteon-satelec-,19699,insert-implant-protect-ip1-acteon-satelec.html,https://www.megadental.fr/insert-implant-protect-ip1-acteon-satelec.html
acteon-satelec-,19691,expasyl-mini-kit-pierre-rolland.html,https://www.megadental.fr/expasyl-mini-kit-pierre-rolland.html
acteon-satelec-,19562,kit-perfect-margin.html,https://www.megadental.fr/kit-perfect-margin.html
acteon-satelec-,19426,filtre-bacteriologique-pour-quaz.html,https://www.megadental.fr/filtre-bacteriologique-pour-quaz.html
acteon-satelec-,19422,piezotome-cube-avec-kit-essential-f50100-satelec.html,https://www.megadental.fr/piezotome-cube-avec-kit-essential-f50100-satelec.html
acteon-satelec-,18953,desocclusol-orange-pierre-rolland.html,https://www.megadental.fr/desocclusol-orange-pierre-rolland.html
acteon-satelec-,18723,poudre-airngo-4-parfums-4x250g-f10255-satelec.html,https://www.megadental.fr/poudre-airngo-4-parfums-4x250g-f10255-satelec.html
acteon-satelec-,17876,ligne-irrigation-double-pmax-gii-x10-satelec.html,https://www.megadental.fr/ligne-irrigation-double-pmax-gii-x10-satelec.html
acteon-satelec-,17819,air-n-go-easy-kit-perio-acteon.html,https://www.megadental.fr/air-n-go-easy-kit-perio-acteon.html
acteon-satelec-,17816,piece-a-main-newtron-slim-b-led-blanc.html,https://www.megadental.fr/piece-a-main-newtron-slim-b-led-blanc.html
acteon-satelec-,17793,mini-led-active-acteon.html,https://www.megadental.fr/mini-led-active-acteon.html
acteon-satelec-,16767,joint-eau-piece-a-main-detartreur-1.html,https://www.megadental.fr/joint-eau-piece-a-main-detartreur-1.html
acteon-satelec-,16745,revelateur-de-plaque-f-l-a-g-pour-b-led.html,https://www.megadental.fr/revelateur-de-plaque-f-l-a-g-pour-b-led.html
acteon-satelec-,16666,kit-inserts-endo-one-acteon-satelec.html,https://www.megadental.fr/kit-inserts-endo-one-acteon-satelec.html
acteon-satelec-,16461,ligne-d-irrigation-sterilisable-1-e57374-satelec.html,https://www.megadental.fr/ligne-d-irrigation-sterilisable-1-e57374-satelec.html
acteon-satelec-,15963,kit-bone-surgery-ii.html,https://www.megadental.fr/kit-bone-surgery-ii.html
acteon-satelec-,15755,kit-extraction-ii.html,https://www.megadental.fr/kit-extraction-ii.html
acteon-satelec-,15754,kit-intralift-ii.html,https://www.megadental.fr/kit-intralift-ii.html
acteon-satelec-,15549,prophy-max-newtron-pedale-double-acteon.html,https://www.megadental.fr/prophy-max-newtron-pedale-double-acteon.html
acteon-satelec-,15543,air-max-acteon.html,https://www.megadental.fr/air-max-acteon.html
acteon-satelec-,15323,le-pack-sinus-lift-elevation-du-sinus.html,https://www.megadental.fr/le-pack-sinus-lift-elevation-du-sinus.html
acteon-satelec-,15160,mini-led-super-charged-acteon.html,https://www.megadental.fr/mini-led-super-charged-acteon.html
acteon-satelec-,14656,perforateurs-pour-ligne-d-irrigation-satelec-le-lot-de-10.html,https://www.megadental.fr/perforateurs-pour-ligne-d-irrigation-satelec-le-lot-de-10.html
acteon-satelec-,14606,prophy-max-avec-kit-d-irrigation-acteon-satelec.html,https://www.megadental.fr/prophy-max-avec-kit-d-irrigation-acteon-satelec.html
acteon-satelec-,14531,prophypen-acteon.html,https://www.megadental.fr/prophypen-acteon.html
acteon-satelec-,14376,poudre-air-n-go-perio-3x160g-acteon-satelec.html,https://www.megadental.fr/poudre-air-n-go-perio-3x160g-acteon-satelec.html
acteon-satelec-,13562,kit-piezocision-1-f87576-satelec.html,https://www.megadental.fr/kit-piezocision-1-f87576-satelec.html
acteon-satelec-,13458,insert-crest-splitting-satelec.html,https://www.megadental.fr/insert-crest-splitting-satelec.html
acteon-satelec-,12165,inserts-endosuccess-acteon-satelec.html,https://www.megadental.fr/inserts-endosuccess-acteon-satelec.html
acteon-satelec-,12139,eugenol-pur-60ml-acteon.html,https://www.megadental.fr/eugenol-pur-60ml-acteon.html
acteon-satelec-,11982,xylocontact-tube-de-15g-pierre-rolland.html,https://www.megadental.fr/xylocontact-tube-de-15g-pierre-rolland.html
acteon-satelec-,11509,kit-endo-success-retreatment-le-reassort-acteon-satelec.html,https://www.megadental.fr/kit-endo-success-retreatment-le-reassort-acteon-satelec.html
acteon-satelec-,11508,kit-endo-success-retreatment-acteon-satelec.html,https://www.megadental.fr/kit-endo-success-retreatment-acteon-satelec.html
acteon-satelec-,11343,kit-inserts-endosuccess-apical-surgery-acteon-satelec.html,https://www.megadental.fr/kit-inserts-endosuccess-apical-surgery-acteon-satelec.html
acteon-satelec-,10960,ampoule-detartreur.html,https://www.megadental.fr/ampoule-detartreur.html
acteon-satelec-,10904,kit-perio-maintenance-acteon.html,https://www.megadental.fr/kit-perio-maintenance-acteon.html
acteon-satelec-,10740,lignes-d-irrigation-10-f57370-satelec.html,https://www.megadental.fr/lignes-d-irrigation-10-f57370-satelec.html
acteon-satelec-,10421,ligne-d-irrigation-10-perforateurs-acteon-satelec.html,https://www.megadental.fr/ligne-d-irrigation-10-perforateurs-acteon-satelec.html
acteon-satelec-,8373,joint-eau-piece-a-main-detartreur.html,https://www.megadental.fr/joint-eau-piece-a-main-detartreur.html
acteon-satelec-,8149,servotome-ii.html,https://www.megadental.fr/servotome-ii.html
acteon-satelec-,6942,piece-a-main-led-acteon-f12609.html,https://www.megadental.fr/piece-a-main-led-acteon-f12609.html
acteon-satelec-,6941,implant-center-2.html,https://www.megadental.fr/implant-center-2.html
acteon-satelec-,6751,kit-crest-splitting-ii-f87567-satelec.html,https://www.megadental.fr/kit-crest-splitting-ii-f87567-satelec.html
acteon-satelec-,6587,piece-a-main-grise-acteon.html,https://www.megadental.fr/piece-a-main-grise-acteon.html
acteon-satelec-,6322,inserts-perfect-margin-rounded-excavus-odontologie-acteon-satelec.html,https://www.megadental.fr/inserts-perfect-margin-rounded-excavus-odontologie-acteon-satelec.html
acteon-satelec-,6317,cle-universelle-acteon.html,https://www.megadental.fr/cle-universelle-acteon.html
acteon-satelec-,5217,kit-detartrage-acteon.html,https://www.megadental.fr/kit-detartrage-acteon.html
acteon-satelec-,5213,kit-paro-acteon.html,https://www.megadental.fr/kit-paro-acteon.html
acteon-satelec-,4776,etik-collagene-pierre-rolland.html,https://www.megadental.fr/etik-collagene-pierre-rolland.html
acteon-satelec-,4774,sitsalicine-pate-60-g-acteon.html,https://www.megadental.fr/sitsalicine-pate-60-g-acteon.html
acteon-satelec-,4770,salvizol-edta-250ml-acteon.html,https://www.megadental.fr/salvizol-edta-250ml-acteon.html
acteon-satelec-,4769,resosolv-14-ml-pierre-rolland.html,https://www.megadental.fr/resosolv-14-ml-pierre-rolland.html
acteon-satelec-,4767,edetat-14-ml-pierre-rolland.html,https://www.megadental.fr/edetat-14-ml-pierre-rolland.html
acteon-satelec-,4764,cav-hycal-2-x-4-g-20-embouts-pierre-rolland.html,https://www.megadental.fr/cav-hycal-2-x-4-g-20-embouts-pierre-rolland.html
acteon-satelec-,3896,kit-sinus-lift-2-pour-piezo-2-f87519-satelec.html,https://www.megadental.fr/kit-sinus-lift-2-pour-piezo-2-f87519-satelec.html
acteon-satelec-,3895,pack-bone-surgery-ii.html,https://www.megadental.fr/pack-bone-surgery-ii.html
acteon-satelec-,3235,hycal-pierre-rolland.html,https://www.megadental.fr/hycal-pierre-rolland.html
acteon-satelec-,3057,vibreur-softly-ce3230-v-satelec.html,https://www.megadental.fr/vibreur-softly-ce3230-v-satelec.html
acteon-satelec-,2411,kit-essential-ii-f87528-satelec.html,https://www.megadental.fr/kit-essential-ii-f87528-satelec.html
acteon-satelec-,2351,pack-crown-extension-ll.html,https://www.megadental.fr/pack-crown-extension-ll.html
acteon-satelec-,2350,kit-crown-extension-ii.html,https://www.megadental.fr/kit-crown-extension-ii.html
acteon-satelec-,1747,embouts-steriles-riskontrol-blanc-pierre-rolland-boite-de-96.html,https://www.megadental.fr/embouts-steriles-riskontrol-blanc-pierre-rolland-boite-de-96.html
acteon-satelec-,587,insert-implant-protect-acteon-satelec.html,https://www.megadental.fr/insert-implant-protect-acteon-satelec.html
acteon-satelec-,137,piece-a-main-newtron-gris-clair-f12281-satelec.html,https://www.megadental.fr/piece-a-main-newtron-gris-clair-f12281-satelec.html
acteon-satelec-,123,cryo-anesthesique-friljet-spray-200-g-pierre-rolland.html,https://www.megadental.fr/cryo-anesthesique-friljet-spray-200-g-pierre-rolland.html
acteon-satelec-,121,xylorolland-avec-adrenaline-50-pierre-rolland.html,https://www.megadental.fr/xylorolland-avec-adrenaline-50-pierre-rolland.html
acteon-satelec-,117,xylorolland-sans-vasoconstricteur-50-pierre-rolland.html,https://www.megadental.fr/xylorolland-sans-vasoconstricteur-50-pierre-rolland.html
acteon-satelec-,112,expasyl-applicateur-manuel-pierre-rolland.html,https://www.megadental.fr/expasyl-applicateur-manuel-pierre-rolland.html
asa-codicolor,37448,spatules-de-bouche-heidemann-asa-codicolor.html,https://www.megadental.fr/spatules-de-bouche-heidemann-asa-codicolor.html
asa-codicolor,37421,sondes-parodontales-asa-codicolor.html,https://www.megadental.fr/sondes-parodontales-asa-codicolor.html
asa-codicolor,37410,sondes-doubles-asa.html,https://www.megadental.fr/sondes-doubles-asa.html
asa-codicolor,37408,sondes-asa-color.html,https://www.megadental.fr/sondes-asa-color.html
asa-codicolor,36998,porte-empreintes-perfores-inox-asa-codicolor.html,https://www.megadental.fr/porte-empreintes-perfores-inox-asa-codicolor.html
asa-codicolor,34973,curettes-de-gracey-asa-codicolor.html,https://www.megadental.fr/curettes-de-gracey-asa-codicolor.html
asa-codicolor,19380,curettes-et-detartreurs-codicolor.html,https://www.megadental.fr/curettes-et-detartreurs-codicolor.html
asa-codicolor,4429,kit-premier-controle-asa-codicolor.html,https://www.megadental.fr/kit-premier-controle-asa-codicolor.html
aluwax,34745,cires-aluwax.html,https://www.megadental.fr/cires-aluwax.html
apple,37928,iphone-12-pro-max-apple.html,https://www.megadental.fr/iphone-12-pro-max-apple.html
apple,37927,iphone-12-pro-apple.html,https://www.megadental.fr/iphone-12-pro-apple.html
apple,37926,iphone-12-mini-apple.html,https://www.megadental.fr/iphone-12-mini-apple.html
apple,37925,iphone-12-64go-apple.html,https://www.megadental.fr/iphone-12-64go-apple.html
apple,36400,macbook-pro-16-pouces-apple.html,https://www.megadental.fr/macbook-pro-16-pouces-apple.html
apple,36399,macbook-air-125-go-13-pouce-apple.html,https://www.megadental.fr/macbook-air-125-go-13-pouce-apple.html
apple,36116,ipod-touch-32go-5e-generation.html,https://www.megadental.fr/ipod-touch-32go-5e-generation.html
apple,36115,iphone-xr-64-go.html,https://www.megadental.fr/iphone-xr-64-go.html
apple,36114,iphone-se-apple-1.html,https://www.megadental.fr/iphone-se-apple-1.html
apple,36109,iphone-11-pro-max-256-go-apple.html,https://www.megadental.fr/iphone-11-pro-max-256-go-apple.html
apple,36106,iphone-11-64g.html,https://www.megadental.fr/iphone-11-64g.html
apple,36105,iphone-11-256go-apple.html,https://www.megadental.fr/iphone-11-256go-apple.html
apple,36104,iphone-11-128go-apple.html,https://www.megadental.fr/iphone-11-128go-apple.html
apple,36101,ipad-pro-12-9-wifi-apple.html,https://www.megadental.fr/ipad-pro-12-9-wifi-apple.html
apple,36100,ipad-pro-11pouce-64-g-apple.html,https://www.megadental.fr/ipad-pro-11pouce-64-g-apple.html
apple,36099,ipad-pro-10-5-apple.html,https://www.megadental.fr/ipad-pro-10-5-apple.html
apple,36098,ipad-mini-64go-apple.html,https://www.megadental.fr/ipad-mini-64go-apple.html
apple,36097,ipad-mini-4-apple.html,https://www.megadental.fr/ipad-mini-4-apple.html
apple,36096,ipad-apple.html,https://www.megadental.fr/ipad-apple.html
apple,36095,ipad-air-2020-apple.html,https://www.megadental.fr/ipad-air-2020-apple.html
apple,36094,ipad-air-2020-32-go-apple.html,https://www.megadental.fr/ipad-air-2020-32-go-apple.html
apple,36093,ipad-air-64go.html,https://www.megadental.fr/ipad-air-64go.html
apple,36092,ipad-air-256-go-10-9-pouces-apple.html,https://www.megadental.fr/ipad-air-256-go-10-9-pouces-apple.html
apple,36091,ipad-32-go-10-2-apple.html,https://www.megadental.fr/ipad-32-go-10-2-apple.html
apple,35925,homepod-apple.html,https://www.megadental.fr/homepod-apple.html
apple,33588,iphone-rouge-se-128-go-apple.html,https://www.megadental.fr/iphone-rouge-se-128-go-apple.html
apple,33187,iphone-se-apple.html,https://www.megadental.fr/iphone-se-apple.html
apple,33087,apple-watch-serie-6-bracelet-milanais-apple.html,https://www.megadental.fr/apple-watch-serie-6-bracelet-milanais-apple.html
apple,33015,homepod-mini-apple-1.html,https://www.megadental.fr/homepod-mini-apple-1.html
apple,33014,homepod-mini-apple.html,https://www.megadental.fr/homepod-mini-apple.html
apple,33002,apple-watch-series-6.html,https://www.megadental.fr/apple-watch-series-6.html
apple,32900,cable-de-charge-magnetique-apple.html,https://www.megadental.fr/cable-de-charge-magnetique-apple.html
apple,32882,magic-trackpad-2-argent-apple.html,https://www.megadental.fr/magic-trackpad-2-argent-apple.html
apple,32881,magic-mouse-2-argent-apple.html,https://www.megadental.fr/magic-mouse-2-argent-apple.html
apple,32770,apple-watch-se-aluminium-40-mm.html,https://www.megadental.fr/apple-watch-se-aluminium-40-mm.html
apple,32584,ipad-pro-11-argent.html,https://www.megadental.fr/ipad-pro-11-argent.html
apple,32551,ipad-pro-11-gris-sideral.html,https://www.megadental.fr/ipad-pro-11-gris-sideral.html
apple,32544,apple-pencil-2.html,https://www.megadental.fr/apple-pencil-2.html
apple,31876,ipad-rose-nouvelle-generation-128g-apple.html,https://www.megadental.fr/ipad-rose-nouvelle-generation-128g-apple.html
apple,31875,ipad-argent-nouvelle-generation-128g-apple.html,https://www.megadental.fr/ipad-argent-nouvelle-generation-128g-apple.html
apple,31874,ipad-gris-sideral-nouvelle-generation-128g-apple.html,https://www.megadental.fr/ipad-gris-sideral-nouvelle-generation-128g-apple.html
apple,31161,airpods-pro-apple.html,https://www.megadental.fr/airpods-pro-apple.html
apple,30851,apple-watch-serie-3.html,https://www.megadental.fr/apple-watch-serie-3.html
apple,30652,apple-pencil-1ere-generation.html,https://www.megadental.fr/apple-pencil-1ere-generation.html
apple,30045,airpods-avec-boitier-de-charge-sans-fil-mrxj2zm-a.html,https://www.megadental.fr/airpods-avec-boitier-de-charge-sans-fil-mrxj2zm-a.html
apple,30044,imac-21-5pouces-4k-core-i3-1to-mrt32fn-a.html,https://www.megadental.fr/imac-21-5pouces-4k-core-i3-1to-mrt32fn-a.html
apple,30037,mac-mini-128-go.html,https://www.megadental.fr/mac-mini-128-go.html
apple,29793,apple-tv-4k-32go-mqd22fd-a.html,https://www.megadental.fr/apple-tv-4k-32go-mqd22fd-a.html
apple,29680,apple-watch-gps-ecran-40mm.html,https://www.megadental.fr/apple-watch-gps-ecran-40mm.html
apple,26033,ipad-pro-9-7-pouces-wifi-256go-or-mlmy2nf-a.html,https://www.megadental.fr/ipad-pro-9-7-pouces-wifi-256go-or-mlmy2nf-a.html
apple,23003,airpods.html,https://www.megadental.fr/airpods.html
apple,20275,ipad-mini-4-wifi-64go-argent.html,https://www.megadental.fr/ipad-mini-4-wifi-64go-argent.html
apple,20272,ipad-mini-4-wifi-64go-or.html,https://www.megadental.fr/ipad-mini-4-wifi-64go-or.html
amann,26510,interrupteur-principal-steamer-x3-116919-amann.html,https://www.megadental.fr/interrupteur-principal-steamer-x3-116919-amann.html
amann,26356,porte-fourchette-ref-217685-amann.html,https://www.megadental.fr/porte-fourchette-ref-217685-amann.html
amann,21056,jeu-de-plaque-serie-carbone-2-216100c-amann.html,https://www.megadental.fr/jeu-de-plaque-serie-carbone-2-216100c-amann.html
amann,20867,plaque-classique-giroform-l-100-576720-amann.html,https://www.megadental.fr/plaque-classique-giroform-l-100-576720-amann.html
amann,20830,pins-giroform-paquet-de-1000-amann.html,https://www.megadental.fr/pins-giroform-paquet-de-1000-amann.html
amann,20611,no-flame-plus-bruleur-a-induction-230-v-amann.html,https://www.megadental.fr/no-flame-plus-bruleur-a-induction-230-v-amann.html
amann,20223,putty-giroform-1kg-576461-amann.html,https://www.megadental.fr/putty-giroform-1kg-576461-amann.html
amann,20038,fourchette-occlusale-metal-217611-amann.html,https://www.megadental.fr/fourchette-occlusale-metal-217611-amann.html
ajax,9894,ajax-pro-spray-vitres-et-inox.html,https://www.megadental.fr/ajax-pro-spray-vitres-et-inox.html
ajax,9861,ajax-vitres-surfaces-1.html,https://www.megadental.fr/ajax-vitres-surfaces-1.html
ajax,9844,lingettes-vitres-ajax.html,https://www.megadental.fr/lingettes-vitres-ajax.html
ajax,8339,ajax-vitres-surfaces.html,https://www.megadental.fr/ajax-vitres-surfaces.html
asus,38502,ordinateur-tout-en-un-zen-aio-m5401-asus-955-3599.html,https://www.megadental.fr/ordinateur-tout-en-un-zen-aio-m5401-asus-955-3599.html
asus,32880,ordinateur-numpad-stylet-asus.html,https://www.megadental.fr/ordinateur-numpad-stylet-asus.html
asus,32218,chromebook-asus-c434ta-e10022-1140743.html,https://www.megadental.fr/chromebook-asus-c434ta-e10022-1140743.html
asus,29794,ordinateur-chromebook-asus-1113754.html,https://www.megadental.fr/ordinateur-chromebook-asus-1113754.html
a5,38491,demineralisateur-deau-osmose-plus-a5-897-2579.html,https://www.megadental.fr/demineralisateur-deau-osmose-plus-a5-897-2579.html
a5,37940,siege-operateur-ergoseat-a5.html,https://www.megadental.fr/siege-operateur-ergoseat-a5.html
a5,35976,imprimante-etiquettes-a-code-barre-a5.html,https://www.megadental.fr/imprimante-etiquettes-a-code-barre-a5.html
a5,35036,demineralisateur-d-eau-osmoseur-a5.html,https://www.megadental.fr/demineralisateur-d-eau-osmoseur-a5.html
a5,33201,distiller-a5-2577-170-dm.html,https://www.megadental.fr/distiller-a5-2577-170-dm.html
a5,33200,rack-a-cassettes-a5-2652-177-dm.html,https://www.megadental.fr/rack-a-cassettes-a5-2652-177-dm.html
a5,33055,defibrilateur-a5-3656-174-dm.html,https://www.megadental.fr/defibrilateur-a5-3656-174-dm.html
a5,33054,aspirateur-chirurgicale-a5-2579-170-dm.html,https://www.megadental.fr/aspirateur-chirurgicale-a5-2579-170-dm.html
a5,33030,autoclave-a5-evo-6503-019-dm.html,https://www.megadental.fr/autoclave-a5-evo-6503-019-dm.html
a5,31429,thermodesinfecteur-a5-4451-019-dm.html,https://www.megadental.fr/thermodesinfecteur-a5-4451-019-dm.html
a5,30289,imprimante-d-etiquettes-a-code-barre-a5-4967-173-dm.html,https://www.megadental.fr/imprimante-d-etiquettes-a-code-barre-a5-4967-173-dm.html
a5,30178,autoclave-22l-sd-a5-2578-170-dm.html,https://www.megadental.fr/autoclave-22l-sd-a5-2578-170-dm.html
a5,29993,bac-multifonctions-avec-1-bidon-de-1l-de-solution-a5-clean-4111-173-dm.html,https://www.megadental.fr/bac-multifonctions-avec-1-bidon-de-1l-de-solution-a5-clean-4111-173-dm.html
a5,29949,osmoseur-pura-plus-ref-oi002npu-a5-7889-173-dm.html,https://www.megadental.fr/osmoseur-pura-plus-ref-oi002npu-a5-7889-173-dm.html
a5,29895,autoclave-sd-18l-1-ab017zxy-a5-7964-173-dm.html,https://www.megadental.fr/autoclave-sd-18l-1-ab017zxy-a5-7964-173-dm.html
a5,29894,autoclave-18l-printer-a5-5212-173-dm-1.html,https://www.megadental.fr/autoclave-18l-printer-a5-5212-173-dm-1.html
a5,23153,sachets-2l-usage-unique-flovac-50-a5.html,https://www.megadental.fr/sachets-2l-usage-unique-flovac-50-a5.html
a5,23116,canule-omniasurg-a5-10.html,https://www.megadental.fr/canule-omniasurg-a5-10.html
a5,18464,autoclave-a5-hygene-22-litres.html,https://www.megadental.fr/autoclave-a5-hygene-22-litres.html
a5,8908,secheuse-a5-dry-a5.html,https://www.megadental.fr/secheuse-a5-dry-a5.html
a5,8703,solution-bac-multifonctions-6x1l-dm401al-a5.html,https://www.megadental.fr/solution-bac-multifonctions-6x1l-dm401al-a5.html
a5,8656,lecteur-optique-3elnl0001-tecnogaz.html,https://www.megadental.fr/lecteur-optique-3elnl0001-tecnogaz.html
arkona,37941,silkflow-arkona.html,https://www.megadental.fr/silkflow-arkona.html
arkona,37901,create-6g-arkona.html,https://www.megadental.fr/create-6g-arkona.html
arkona,35473,flow-color-seringue-arkona.html,https://www.megadental.fr/flow-color-seringue-arkona.html
arkona,33023,bonding-5ml-arkona.html,https://www.megadental.fr/bonding-5ml-arkona.html
arkona,31357,comcord-fibre-impregnee-de-composite-6cm-gn-01353.html,https://www.megadental.fr/comcord-fibre-impregnee-de-composite-6cm-gn-01353.html
aorin,34534,bouteille-acier-inoxydable-aorin.html,https://www.megadental.fr/bouteille-acier-inoxydable-aorin.html
amazon,38256,passerelle-multimedia-fire-tv-cube-amazon.html,https://www.megadental.fr/passerelle-multimedia-fire-tv-cube-amazon.html
amazon,38162,assistant-vocal-echo-dot-3-blanc-amazon.html,https://www.megadental.fr/assistant-vocal-echo-dot-3-blanc-amazon.html
amazon,38161,assistant-vocal-echo-dot-3-amazon.html,https://www.megadental.fr/assistant-vocal-echo-dot-3-amazon.html
amazon,34280,amazon-echo-dot.html,https://www.megadental.fr/amazon-echo-dot.html
amazon,32890,echo-dot-4-blanc-amazon.html,https://www.megadental.fr/echo-dot-4-blanc-amazon.html
amazon,32889,amazon-echo-dot-4-bleu.html,https://www.megadental.fr/amazon-echo-dot-4-bleu.html
ba-international,38820,micromoteur-ba604l-lum-midwest-9795086-b-a-979-5086.html,https://www.megadental.fr/micromoteur-ba604l-lum-midwest-9795086-b-a-979-5086.html
ba-international,37920,insert-ba-international.html,https://www.megadental.fr/insert-ba-international.html
ba-international,37738,turbine-ultimate-b-a.html,https://www.megadental.fr/turbine-ultimate-b-a.html
ba-international,37730,turbine-lumiere-ba525-b-a-international.html,https://www.megadental.fr/turbine-lumiere-ba525-b-a-international.html
ba-international,37726,turbine-ba525-sans-lumiere-b-a-international.html,https://www.megadental.fr/turbine-ba525-sans-lumiere-b-a-international.html
ba-international,37720,turbines-optima-535-b-a-international-1.html,https://www.megadental.fr/turbines-optima-535-b-a-international-1.html
ba-international,37715,turbines-ultimate-power-b-a.html,https://www.megadental.fr/turbines-ultimate-power-b-a.html
ba-international,37298,safe-st-surfaces-desinfection-dental-excellence.html,https://www.megadental.fr/safe-st-surfaces-desinfection-dental-excellence.html
ba-international,36784,piece-a-main-ultimate-ba.html,https://www.megadental.fr/piece-a-main-ultimate-ba.html
ba-international,36691,pack-3-inserts-detartrage-ba-international.html,https://www.megadental.fr/pack-3-inserts-detartrage-ba-international.html
ba-international,36597,negatoscope-ba-international.html,https://www.megadental.fr/negatoscope-ba-international.html
ba-international,36570,c-a-piece-a-main-d-implantologie-et-de-chirurgie-b-a-international.html,https://www.megadental.fr/c-a-piece-a-main-d-implantologie-et-de-chirurgie-b-a-international.html
ba-international,36461,melangeur-alginate-ba.html,https://www.megadental.fr/melangeur-alginate-ba.html
ba-international,36378,lubrificateur-ultimate-b-a-international.html,https://www.megadental.fr/lubrificateur-ultimate-b-a-international.html
ba-international,36261,les-ampoules-b-a-international.html,https://www.megadental.fr/les-ampoules-b-a-international.html
ba-international,36242,lampe-led-ultimate-1200-ba.html,https://www.megadental.fr/lampe-led-ultimate-1200-ba.html
ba-international,36009,inserts-de-detartrage-ba-international.html,https://www.megadental.fr/inserts-de-detartrage-ba-international.html
ba-international,36006,inserts-b-a-international.html,https://www.megadental.fr/inserts-b-a-international.html
ba-international,35413,fibre-optique-ba-international.html,https://www.megadental.fr/fibre-optique-ba-international.html
ba-international,35280,embout-spray-ba-international.html,https://www.megadental.fr/embout-spray-ba-international.html
ba-international,35076,detartreur-b-a-international.html,https://www.megadental.fr/detartreur-b-a-international.html
ba-international,35068,detartreurs-17kk-17km-b-a-international.html,https://www.megadental.fr/detartreurs-17kk-17km-b-a-international.html
ba-international,34912,contre-angles-evo-ba-international.html,https://www.megadental.fr/contre-angles-evo-ba-international.html
ba-international,34911,contre-angles-ultimate-ba-international.html,https://www.megadental.fr/contre-angles-ultimate-ba-international.html
ba-international,34901,contre-angles-endo-bae35-bae45-b-a-international.html,https://www.megadental.fr/contre-angles-endo-bae35-bae45-b-a-international.html
ba-international,34395,bac-a-ultrasons-b-a.html,https://www.megadental.fr/bac-a-ultrasons-b-a.html
ba-international,34216,aeropolisseur-ba-720-ba-international.html,https://www.megadental.fr/aeropolisseur-ba-720-ba-international.html
ba-international,34197,adapteur-pour-ultimate-cl-b-a.html,https://www.megadental.fr/adapteur-pour-ultimate-cl-b-a.html
ba-international,33592,turbine-borden-triple-spray-ba-international.html,https://www.megadental.fr/turbine-borden-triple-spray-ba-international.html
ba-international,33394,kit-3-contre-angles-rouges-ba250lts-3-contre-angles-bleus-ba45ls-ba-international.html,https://www.megadental.fr/kit-3-contre-angles-rouges-ba250lts-3-contre-angles-bleus-ba45ls-ba-international.html
ba-international,33393,kit-3-contre-angles-rouges-ba200lts-3-contre-angles-bleus-ba40ls-ba-international.html,https://www.megadental.fr/kit-3-contre-angles-rouges-ba200lts-3-contre-angles-bleus-ba40ls-ba-international.html
ba-international,33058,contre-angle-bleu-new-ultimate-power-ba40lss-ba-7361-191-dm-1.html,https://www.megadental.fr/contre-angle-bleu-new-ultimate-power-ba40lss-ba-7361-191-dm-1.html
ba-international,33053,moteur-d-implantologie-os600l-7280-191-b-a-international-dm.html,https://www.megadental.fr/moteur-d-implantologie-os600l-7280-191-b-a-international-dm.html
ba-international,32563,piece-a-main-1-1-ba175e-8627-191-b-a-international-dm.html,https://www.megadental.fr/piece-a-main-1-1-ba175e-8627-191-b-a-international-dm.html
ba-international,32430,contre-angle-ultimate-ba45ls-b-a-international-7372-191-dm.html,https://www.megadental.fr/contre-angle-ultimate-ba45ls-b-a-international-7372-191-dm.html
ba-international,32341,raccord-multi-led-ba560led-5000011-ba.html,https://www.megadental.fr/raccord-multi-led-ba560led-5000011-ba.html
